1,กระเจี๊ยบเขียว,OKRA,0000-00-00,0000-00-00,999,1
2,กุ้ยช่ายขาว,GUILIN WHITE TEA,0000-00-00,0000-00-00,999,1
3,กุ้ยช่ายเขียว,GUILIN GREEN TEA,0000-00-00,0000-00-00,999,1
4,กุ้ยช่ายดอก,KOOI YEAH FLOWERS,0000-00-00,0000-00-00,999,1
5,ข้าวโพดฝักอ่อน,CORN,0000-00-00,0000-00-00,999,1
6,ขึ้นฉ่าย,CELERY,0000-00-00,0000-00-00,999,1
7,แขนงคะน้า,CLINICAL KALE,0000-00-00,0000-00-00,999,1
8,ต้นคะน้า,THE KALE,0000-00-00,0000-00-00,999,1
9,ยอดคะน้า,KALE,0000-00-00,0000-00-00,999,1
10,ชะอม,CHA,0000-00-00,0000-00-00,999,1
11,แตงกวาทั่วไป,GENERAL CUCUMBER,0000-00-00,0000-00-00,999,1
12,แตงกวาเล็กอ่อน,A MILD CUCUMBER,0000-00-00,0000-00-00,999,1
13,แตงไทอ่อน,TANG TAI-YOUNG,0000-00-00,0000-00-00,999,1
14,แตงโมอ่อน,WATERMELON BABY,0000-00-00,0000-00-00,999,1
15,แตงร้าน,DECOR,0000-00-00,0000-00-00,999,1
16,ถั่วแขก,STRING BEAN,0000-00-00,0000-00-00,999,1
17,ถั่วงอก,BEAN SPROUTS,0000-00-00,0000-00-00,999,1
18,ถั่วฝักยาวด้วง,BEAN BEETLE,0000-00-00,0000-00-00,999,1
19,ถั่วฝักยาวเส้น,BEAN LINES,0000-00-00,0000-00-00,999,1
20,ถั่วพู,WINGED,0000-00-00,0000-00-00,999,1
21,ถั่วลันเตา,PEAS,0000-00-00,0000-00-00,999,1
22,บวบงู,SNAKE GOURD,0000-00-00,0000-00-00,999,1
23,บวบหอม,ZUCCHINI ONION,0000-00-00,0000-00-00,999,1
24,บวบเหลี่ยม,ZUCCHINI SQUARE,0000-00-00,0000-00-00,999,1
25,ผักกะเฉดมัด,VEGETABLES KACHET TIE,0000-00-00,0000-00-00,999,1
26,ผักกะเฉดยอด,TOP VEGETABLES KACHET,0000-00-00,0000-00-00,999,1
27,ผักกาดหอม,LETTUCE,0000-00-00,0000-00-00,999,1
28,ผักขมจีน,CHINESE SPINACH,0000-00-00,0000-00-00,999,1
29,ผักบุ้งจีน,MORNING GLORY,0000-00-00,0000-00-00,999,1
30,ผักบุ้งไทย,THAILAND MORNING GLORY,0000-00-00,0000-00-00,999,1
31,ฟักเขียวแก่,THE GOURD,0000-00-00,0000-00-00,999,1
32,ฟักเขียวอ่อน,HATCH GREEN,0000-00-00,0000-00-00,999,1
33,มะเขือไข่เต่า,EGGPLANT TURTLE,0000-00-00,0000-00-00,999,1
34,มะเขือยาว,EGGPLANT,0000-00-00,0000-00-00,999,1
35,มะเขือเจ้าพระยา,EGGPLANT XVI,0000-00-00,0000-00-00,999,1
36,มะเขือเปราะ,EGGPLANT,0000-00-00,0000-00-00,999,1
37,มะเขือม่วง,EGGPLANT,0000-00-00,0000-00-00,999,1
38,มะเขือยาวขาว,EGGPLANT AND WHITE,0000-00-00,0000-00-00,999,1
39,มะเขือลาย,STRIPED AUBERGINE,0000-00-00,0000-00-00,999,1
40,มะเขือลิง,EGGPLANT MONKEY,0000-00-00,0000-00-00,999,1
41,มะเขือสดิ้ง,EGGPLANT POST HOLDINGS,0000-00-00,0000-00-00,999,1
42,มะเขือพวง,EGGPLANT,0000-00-00,0000-00-00,999,1
43,มะเขือพวงเด็ดขั้ว,EGGPLANT DECIDEDLY TERMINAL,0000-00-00,0000-00-00,999,1
44,มะระจีน,CHINESE GOURD,0000-00-00,0000-00-00,999,1
45,มะละกอดิบ,PAPAYA,0000-00-00,0000-00-00,999,1
46,ยอดมะพร้าว,COCONUT,0000-00-00,0000-00-00,999,1
47,ยอดมะพร้าวซอย,COCONUT LANE,0000-00-00,0000-00-00,999,1
48,ลูกน้ำเต้า,THE GOURDS,0000-00-00,0000-00-00,999,1
49,สายบัวดอก,STEM FLOWERS,0000-00-00,0000-00-00,999,1
50,หน่อไม้น้ำ,HNEAAMGNGM,0000-00-00,0000-00-00,999,1
51,หน่อไม้ไผ่หวานปอกเปลือก,PEEL THE SWEET BAMBOO SHOOTS,0000-00-00,0000-00-00,999,1
52,หน่อไม้ไผ่หวานไม่ปอกเปลือก,BAMBOO SHOOTS SWEET UNPEELED,0000-00-00,0000-00-00,999,1
53,หน่อไม้ฝรั่งขาว,WHITE ASPARAGUS,0000-00-00,0000-00-00,999,1
54,หน่อไม้ฝรั่ง(เขียว),ASPARAGUS (GREEN),0000-00-00,0000-00-00,999,1
55,เห็ดเข็มทอง,MUSHROOM,0000-00-00,0000-00-00,999,1
56,เห็ดนางฟ้า,MUSHROOM,0000-00-00,0000-00-00,999,1
57,เห็ดเป๋าฮื้อ,ABALONE MUSHROOMS,0000-00-00,0000-00-00,999,1
58,เห็ดฟาง,MUSHROOM,0000-00-00,0000-00-00,999,1
59,เห็ดหอมสด,FRESH MUSHROOMS,0000-00-00,0000-00-00,999,1
60,เห็ดหูหนู,JEW'S EAR MUSHROOM,0000-00-00,0000-00-00,999,1
61,เห็ดนางรม,OYSTER MUSHROOMS,0000-00-00,0000-00-00,999,1
62,กระชาย(หัว),CORRESPONDENTS (HEAD),0000-00-00,0000-00-00,999,1
63,กระชายซอย,CORRESPONDENTS ALLEY,0000-00-00,0000-00-00,999,1
64,ขมิ้นขาว,WHITE TURMERIC,0000-00-00,0000-00-00,999,1
65,ขมิ้นเหลือง,CANARY YELLOW,0000-00-00,0000-00-00,999,1
66,ข่าแก่,LEG,0000-00-00,0000-00-00,999,1
67,ข่าอ่อน,GALANGAL,0000-00-00,0000-00-00,999,1
68,ขิงแก่,GINGER,0000-00-00,0000-00-00,999,1
69,ขิงซอย,GINGER,0000-00-00,0000-00-00,999,1
70,ขิงอ่อน,GINGER,0000-00-00,0000-00-00,999,1
71,ต้นตะไคร้,LEMON GRASS,0000-00-00,0000-00-00,999,1
72,ต้นหอม,ONION,0000-00-00,0000-00-00,999,1
73,ใบกระเพรา,BASIL,0000-00-00,0000-00-00,999,1
74,ใบมะกรูด,KAFFIR LIME LEAVES,0000-00-00,0000-00-00,999,1
75,ลูกมะกรูด,THE BERGAMOT,0000-00-00,0000-00-00,999,1
76,ใบแมงลัก,BASIL,0000-00-00,0000-00-00,999,1
77,ใบสะระแหน่,MINT LEAVES,0000-00-00,0000-00-00,999,1
78,ใบโหระพา,BASIL LEAF,0000-00-00,0000-00-00,999,1
79,ผักชีไทย,CORIANDER THAILAND,0000-00-00,0000-00-00,999,1
80,รากผักชี,CELERY ROOT,0000-00-00,0000-00-00,999,1
81,ผักชีฝรั่ง,PARSLEY,0000-00-00,0000-00-00,999,1
82,ผักชีลาว,DILL,0000-00-00,0000-00-00,999,1
83,พริกกระเหรี่ยง,CHILI KAREN,0000-00-00,0000-00-00,999,1
84,พริกขี้หนูสวน,HOT CHILLI,0000-00-00,0000-00-00,999,1
85,พริกจินดาเขียว,JINDA GREEN PEPPER,0000-00-00,0000-00-00,999,1
86,พริกจินดาแดง,JINDA RED PEPPER,0000-00-00,0000-00-00,999,1
87,พริกชี้ฟ้า,CHILI,0000-00-00,0000-00-00,999,1
88,พริกมัน,CHILI'S,0000-00-00,0000-00-00,999,1
89,พริกยอดสน,TOP BLACK PEPPER,0000-00-00,0000-00-00,999,1
90,พริกยำเขียว,GREEN PEPPER SALAD,0000-00-00,0000-00-00,999,1
91,พริกยำแดง,RED PEPPER SALAD,0000-00-00,0000-00-00,999,1
92,พริกสดเหลือง,YELLOW CHILI,0000-00-00,0000-00-00,999,1
93,พริกสวนหอม,PEPPER ONION PARK,0000-00-00,0000-00-00,999,1
94,พริกหยวก,BELL PEPPER,0000-00-00,0000-00-00,999,1
95,พริกอ่อน,MILD CHILI,0000-00-00,0000-00-00,999,1
96,พริกไทยอ่อน,PEPPER,0000-00-00,0000-00-00,999,1
97,มะนาวเบอร์ใหญ่,LIME BIG NUMBERS,0000-00-00,0000-00-00,999,1
98,มะนาวเบอร์กลาง,LIME BERRY CENTER,0000-00-00,0000-00-00,999,1
99,มะนาวเบอร์เล็ก,A SMALL NUMBER LEMON,0000-00-00,0000-00-00,999,1
100,กรีนคอส,COSTA GREEN,0000-00-00,0000-00-00,999,1
101,กะหล่ำดอก(ขาว),CAULIFLOWER (WHITE),0000-00-00,0000-00-00,999,1
102,กะหล่ำดอก(แดง),CAULIFLOWER (RED),0000-00-00,0000-00-00,999,1
103,กะหล่ำปลีเขียว,GREEN CABBAGE,0000-00-00,0000-00-00,999,1
104,กะหล่ำปลีขาว(แกะเปลือก),CABBAGE WHITE (PEELED),0000-00-00,0000-00-00,999,1
105,กะหล่ำปลีม่วง,PURPLE CABBAGE,0000-00-00,0000-00-00,999,1
106,กะหล่ำปลีหัวใจ,CABBAGE HEART,0000-00-00,0000-00-00,999,1
107,คะน้าฮ่องกง,KALE,0000-00-00,0000-00-00,999,1
108,คาราจีโอ้,KARA GOP,0000-00-00,0000-00-00,999,1
109,ขึ้นฉ่ายฝรั่ง,CELERY GUAVA,0000-00-00,0000-00-00,999,1
110,แครอทไทย,CARROTS THAILAND,0000-00-00,0000-00-00,999,1
111,แครอทนอก,THE CARROT,0000-00-00,0000-00-00,999,1
112,ซูก้าสแน็ค(ถั่วหวาน),SUGAR SNACK (SWEET PEAS),0000-00-00,0000-00-00,999,1
113,ซุกินี่,UESUGI HERE,0000-00-00,0000-00-00,999,1
114,เซลอรี่,SELF DISCOVERY,0000-00-00,0000-00-00,999,1
115,ดอกกะหล่ำเจดีย์,PAGODA CAULIFLOWER,0000-00-00,0000-00-00,999,1
116,ดอกหอม,PRIVACY POLICY,0000-00-00,0000-00-00,999,1
117,กระเทียมต้น,LEEK,0000-00-00,0000-00-00,999,1
118,ต้นหอมญี่ปุ่น,JAPANESE ONION,0000-00-00,0000-00-00,999,1
119,ตั้งโอ๋,OH SET,0000-00-00,0000-00-00,999,1
120,แตงกวาญี่ปุ่น,JAPANESE CUCUMBER,0000-00-00,0000-00-00,999,1
121,แตงกวานอก,CUCUMBER OUTSIDE,0000-00-00,0000-00-00,999,1
122,ทัชซอย,TOUCH ALLEY,0000-00-00,0000-00-00,999,1
123,บร็อคโคลี่จีน,BROCCOLI BROCCOLI CHINESE,0000-00-00,0000-00-00,999,1
124,บล็อคโคลี่ไทย,BROCCOLI THAILAND,0000-00-00,0000-00-00,999,1
125,บัตเตอร์เฮท,BUTTER HEATHFIELD,0000-00-00,0000-00-00,999,1
126,บีทรูท,BEETROOT,0000-00-00,0000-00-00,999,1
127,เบบี้แครอท,BABY CARROTS,0000-00-00,0000-00-00,999,1
128,ปวยเหล็งไทย,PUEBLO SIA THAILAND,0000-00-00,0000-00-00,999,1
129,ปวยเหล็งนอก,PUEBLO LENG OUTSIDE,0000-00-00,0000-00-00,999,1
130,ผักกวางตุ้งดอก,CHOY FLOWERS,0000-00-00,0000-00-00,999,1
131,ผักกวางตุ้งไต้หวัน,CHOY TAIWAN,0000-00-00,0000-00-00,999,1
132,ผักกวางตุ้งธรรมดา,CHOY COMMON,0000-00-00,0000-00-00,999,1
133,ยอดผักกวางตุ้ง,TOP CHOY,0000-00-00,0000-00-00,999,1
134,ผักกาดแก้ว,LETTUCE,0000-00-00,0000-00-00,999,1
135,ผักกาดขาวปลี,CHINESE CABBAGE,0000-00-00,0000-00-00,999,1
136,ผักกาดเขียวปลี,LEAF MUSTARD,0000-00-00,0000-00-00,999,1
137,ผักกาดขาว(ลุ้ย),LETTUCE (TF),0000-00-00,0000-00-00,999,1
138,ผักกาดเขียว,TURNIP GREENS,0000-00-00,0000-00-00,999,1
139,ผักชีญี่ปุ่น,CORIANDER JAPAN,0000-00-00,0000-00-00,999,1
140,ผักโสภณ,SOPHON VEGETABLES,0000-00-00,0000-00-00,999,1
141,ผักกาดหางหงษ์,BEET TAIL HONG,0000-00-00,0000-00-00,999,1
142,พริกหวานสีเขียว,GREEN BELL PEPPER,0000-00-00,0000-00-00,999,1
143,พริกหวานสีแดง,RED BELL PEPPER,0000-00-00,0000-00-00,999,1
144,พริกหวานสีเหลือง,YELLOW BELL PEPPER,0000-00-00,0000-00-00,999,1
145,พอเพิลเบซิล,SIMPLE ENOUGH BASIL,0000-00-00,0000-00-00,999,1
146,ฟริเซ่,AFRICAN ROSE,0000-00-00,0000-00-00,999,1
147,ฟาร์สเลย์,FARS LAY,0000-00-00,0000-00-00,999,1
148,มะเขือเทศเชอร์รี่,CHERRY TOMATOES,0000-00-00,0000-00-00,999,1
149,มะเขือเทศผลใหญ่,LARGE TOMATOES,0000-00-00,0000-00-00,999,1
150,มะเขือเทศเรดฮันนี่,TOMATO RED HONEY,0000-00-00,0000-00-00,999,1
151,มะเขือเทศสีดา,CHERRY TOMATOES,0000-00-00,0000-00-00,999,1
152,มะเขือเทศราชินี,CHERRY TOMATOES,0000-00-00,0000-00-00,999,1
153,มะนาวเหลือง(เลมอน),LEMON (LEMON),0000-00-00,0000-00-00,999,1
154,มันฝรั่ง,POTATO,0000-00-00,0000-00-00,999,1
155,มิซซูนา,MIZ SUE CROFT,0000-00-00,0000-00-00,999,1
156,ยอดฟักแม้ว,TOP CHAYOTE,0000-00-00,0000-00-00,999,1
157,ลูกฟักแม้ว,MULLION MEO,0000-00-00,0000-00-00,999,1
158,ร็อคเก็ต,ROCK SKATE,0000-00-00,0000-00-00,999,1
159,เรดคอส,REID COSTA,0000-00-00,0000-00-00,999,1
160,เรดโอ้ค,RED OAK,0000-00-00,0000-00-00,999,1
161,แรดิช,RADISH,0000-00-00,0000-00-00,999,1
162,สลัดแก้ว,GLASS SALAD,0000-00-00,0000-00-00,999,1
163,สลัดคอส,SALAD COSMO,0000-00-00,0000-00-00,999,1
164,สลัดใบแดง,RED SALAD,0000-00-00,0000-00-00,999,1
165,หัวไชเท้า,RADISH,0000-00-00,0000-00-00,999,1
166,อิตาเลี่ยนพาร์สเลย์,ITALIAN PARSLEY,0000-00-00,0000-00-00,999,1
167,เบบี้หางหงษ์,BABY SWAN TAIL,0000-00-00,0000-00-00,999,1
168,เบบี้ฮ่องเต้,BABY EMPEROR,0000-00-00,0000-00-00,999,1
169,เรดิชิโอ,RADIO PASEO,0000-00-00,0000-00-00,999,1
170,พาชอย,TAKE CHOI,0000-00-00,0000-00-00,999,1
171,ยอดกระถิน,TOP ACACIA,0000-00-00,0000-00-00,999,1
172,ฝักอ่อนกระถิน,ACACIA PODS,0000-00-00,0000-00-00,999,1
173,กะโตวา,I TOVAR,0000-00-00,0000-00-00,999,1
174,ยอดอ่อนกระชาย,SOFT CORRESPONDENTS,0000-00-00,0000-00-00,999,1
175,ยอดแค,TOP CAT,0000-00-00,0000-00-00,999,1
176,ดอกแค,FLOWER CAT,0000-00-00,0000-00-00,999,1
177,ดอกกระเจี๊ยบ,ROSELLE,0000-00-00,0000-00-00,999,1
178,ใบกระเจี๊ยบแดง,ROSELLE LEAVES,0000-00-00,0000-00-00,999,1
179,ดอกกระเจียว,FLOWERS,0000-00-00,0000-00-00,999,1
180,ดอกขี้เหล็ก,CASSIA FLOWER,0000-00-00,0000-00-00,999,1
181,ดอกงิ้ว,FLOWER OPERA,0000-00-00,0000-00-00,999,1
182,ดอกสลิด,FLOWER GOURAMI,0000-00-00,0000-00-00,999,1
183,ดอกโสน,SESBANIA,0000-00-00,0000-00-00,999,1
184,ยอดคูณ,TOP MULTIPLY,0000-00-00,0000-00-00,999,1
185,ตังออ,PRICING,0000-00-00,0000-00-00,999,1
186,ใบทองหลาง,BAI LANG,0000-00-00,0000-00-00,999,1
187,ใบกระโดน,LEAF JUMPING,0000-00-00,0000-00-00,999,1
188,ใบชะพลู,CHAPLO,0000-00-00,0000-00-00,999,1
189,ใบเตย,PANDAN,0000-00-00,0000-00-00,999,1
190,ใบบัวบก,ASIATIC,0000-00-00,0000-00-00,999,1
191,ใบพริก,PEPPER LEAVES,0000-00-00,0000-00-00,999,1
192,ใบมะยมอ่อน,GOOSEBERRY LEAVES LOW,0000-00-00,0000-00-00,999,1
193,ใบยอ,LEAVES YORK,0000-00-00,0000-00-00,999,1
194,ลูกยอ,NONI,0000-00-00,0000-00-00,999,1
195,ใบย่านาง,YANANG,0000-00-00,0000-00-00,999,1
196,ใบส้มปอย,ORANGE LEAVES STRANDS,0000-00-00,0000-00-00,999,1
197,ผักกระทือ,VEGETABLES ACTION,0000-00-00,0000-00-00,999,1
198,ผักกาดสร้อย,LETTUCE CHAIN,0000-00-00,0000-00-00,999,1
199,ผักก้านจอง,VEGETABLES ROD BOOK,0000-00-00,0000-00-00,999,1
200,ผักขจร,PERVADING VEGETABLES,0000-00-00,0000-00-00,999,1
201,ผักขมป็อบอาย,SPINACH POP EYE,0000-00-00,0000-00-00,999,1
202,ผักแขยง,VEGETABLES LOATHE,0000-00-00,0000-00-00,999,1
203,ผักตับเต่า,TAP TAO VEGETABLES,0000-00-00,0000-00-00,999,1
204,ผักติ้ว,TIO VEGETABLES,0000-00-00,0000-00-00,999,1
205,ผักบุ้งนา,THE MORNING GLORY,0000-00-00,0000-00-00,999,1
206,ยอดผักปลัง,TOP MALABAR,0000-00-00,0000-00-00,999,1
207,ดอกปลัง,THE FLOWER POWER,0000-00-00,0000-00-00,999,1
208,ผักแผ้ว,CHEETAH VEGETABLES,0000-00-00,0000-00-00,999,1
209,ผักพาย,VEGETABLE PIE,0000-00-00,0000-00-00,999,1
210,ผักแว่น,PHAK WAEN,0000-00-00,0000-00-00,999,1
211,ผักหกเกตุ,VEGETABLES SIX NEPTUNE,0000-00-00,0000-00-00,999,1
212,ผักหนาม,THISTLES,0000-00-00,0000-00-00,999,1
213,ผักหวานบ้าน,SAUROPUS ANDROGYNUS,0000-00-00,0000-00-00,999,1
214,ผักหวานป่า,MELIENTHA SUAVIS,0000-00-00,0000-00-00,999,1
215,ผังพวย,CHART SPOUT,0000-00-00,0000-00-00,999,1
216,ฝักลิ้นฟ้า,PODS BLUE TONGUE,0000-00-00,0000-00-00,999,1
217,ภู่ฟ้า-ชะเลือด,PHU - CHA BLOOD,0000-00-00,0000-00-00,999,1
218,มะระขี้นก,BITTER GOURD,0000-00-00,0000-00-00,999,1
219,ยอดมะระขี้นก,TOP GOURD,0000-00-00,0000-00-00,999,1
220,ยอดจิก,TOP MAGIC,0000-00-00,0000-00-00,999,1
221,ยอดฟักทอง,TOP PUMPKIN,0000-00-00,0000-00-00,999,1
222,ยอดมะกอก,TOP OLIVES,0000-00-00,0000-00-00,999,1
223,ลูกมะกอก,OLIVE,0000-00-00,0000-00-00,999,1
224,ยอดมะขามอ่อน,BALANCE TAMARIND SOFT,0000-00-00,0000-00-00,999,1
225,ฝักมะขามอ่อน,TAMARIND PODS WEAK,0000-00-00,0000-00-00,999,1
226,ยอดมะตูม,TOP QUINCE,0000-00-00,0000-00-00,999,1
227,ยอดมะม่วงอ่อน,MANGO SOFT TOP,0000-00-00,0000-00-00,999,1
228,ยอดตำลึง,TOP GOURD,0000-00-00,0000-00-00,999,1
229,ลูกกำจัด,THE REMOVAL,0000-00-00,0000-00-00,999,1
230,ลูกค้อ,BABY COD,0000-00-00,0000-00-00,999,1
231,ลูกเนียง,NIANG CHILDREN,0000-00-00,0000-00-00,999,1
232,ลูกเหลียง,THE LEUNG,0000-00-00,0000-00-00,999,1
233,สะตอฝัก,SATO POD,0000-00-00,0000-00-00,999,1
234,สะเดาดอก,NEEM FLOWERS,0000-00-00,0000-00-00,999,1
235,สะเดาใบ,NEEM LEAVES,0000-00-00,0000-00-00,999,1
236,หัวปลี,BANANA BLOSSOM,0000-00-00,0000-00-00,999,1
237,เห็ดขอนขาว,MUSHROOM LOG WHITE,0000-00-00,0000-00-00,999,1
238,เห็ดโคน,MUSHROOM,0000-00-00,0000-00-00,999,1
239,เห็ดตับเต่า,TAP TAO MUSHROOMS,0000-00-00,0000-00-00,999,1
240,เห็ดเผาะ,BASA MUSHROOMS,0000-00-00,0000-00-00,999,1
241,เห็ดลม,MUSHROOM WIND,0000-00-00,0000-00-00,999,1
242,เห็ดละโงก,MUSHROOMS DROWSINESS,0000-00-00,0000-00-00,999,1
243,เห็ดภูฏาน,MUSHROOMS BHUTAN,0000-00-00,0000-00-00,999,1
244,ไหลบัว,BOA FLOW,0000-00-00,0000-00-00,999,1
245,ใบยี่หร่า,FENNEL LEAVES,0000-00-00,0000-00-00,999,1
246,มะแว้ง,SOLANUM TRILOBATUM,0000-00-00,0000-00-00,999,1
247,กล้วยไข่กำแพงเพชร,BANANAS PHET,0000-00-00,0000-00-00,999,2
248,กล้วยไข่กำแพงเพชรเบอร์ใหญ่,BANANAS PHET BIG NUMBERS,0000-00-00,0000-00-00,999,2
249,กล้วยไข่กำแพงเพชรเบอร์กลาง,BANANA BERRY CENTRAL REGISTER,0000-00-00,0000-00-00,999,2
250,กล้วยไข่กำแพงเพชรเบอร์เล็ก,BANANAS SMALL NUMBER PHET,0000-00-00,0000-00-00,999,2
251,กล้วยน้ำว้านวล,BANANA CREAM,0000-00-00,0000-00-00,999,2
252,กล้วยน้ำว้านวลเบอร์ใหญ่,BANANA CLAY BIG NUMBERS,0000-00-00,0000-00-00,999,2
253,กล้วยน้ำว้านวลเบอร์กลาง,BANANA BERRY CLAY CENTER,0000-00-00,0000-00-00,999,2
254,กล้วยน้ำว้านวลเบอร์เล็ก,BANANA CREAM SMALL NUMBER,0000-00-00,0000-00-00,999,2
255,กล้วยหอมทอง,BANANA,0000-00-00,0000-00-00,999,2
256,กล้วยหอมทองเบอร์ใหญ่,BANANA BIG NUMBERS,0000-00-00,0000-00-00,999,2
257,กล้วยหอมทองเบอร์กลาง,BANANA BERRY CENTER,0000-00-00,0000-00-00,999,2
258,กล้วยหอมทองเบอร์เล็ก,BANANA SMALL NUMBER,0000-00-00,0000-00-00,999,2
259,ขนุนจำปากรอบ,CHAMPA WOOD FRAME,0000-00-00,0000-00-00,999,2
260,ขนุนทองประเสริฐ,JACK GOLD SUBLIME,0000-00-00,0000-00-00,999,2
261,ขนุนทองสุดใจ,JACK GOLD HEART,0000-00-00,0000-00-00,999,2
262,ขนุนมาเลย์,JACK MALAY,0000-00-00,0000-00-00,999,2
263,ขนุนเหรียญบาท,JACK BAHT COINS,0000-00-00,0000-00-00,999,2
264,แคนตาลูปเบอร์ใหญ่(1),CANTALOUPE BIG NUMBERS (1),0000-00-00,0000-00-00,999,2
265,แคนตาลูปเบอร์กลาง(2),CANTALOUPE CENTRAL NUMBER (2),0000-00-00,0000-00-00,999,2
266,แคนตาลูปเบอร์เล็ก(3),CANTALOUPE SMALL NUMBER (3),0000-00-00,0000-00-00,999,2
267,ชมพู่พลาสติก,PINK PLASTIC,0000-00-00,0000-00-00,999,2
268,ชมพู่ทับทิมจันทร์,APPLE POMEGRANATE MONDAY,0000-00-00,0000-00-00,999,2
269,ชมพู่ทับทิมจันทร์เบอร์ยอด(1),MONDAY'S TOP RUBY EUGENIA (1),0000-00-00,0000-00-00,999,2
270,ชมพู่ทับทิมจันทร์เบอร์รอง(2),APPLE POMEGRANATE VICE MONDAY (2),0000-00-00,0000-00-00,999,2
271,ชมพู่ทับทิมจันทร์เบอร์เล็ก(3),APPLE'S SMALL POMEGRANATE MONDAY (3),0000-00-00,0000-00-00,999,2
272,ชมพู่ทูลเกล้า,APPLE ASCENSION,0000-00-00,0000-00-00,999,2
273,ชมพู่ทูลเกล้าเบอร์ยอด(1),APPLE'S BALANCE ASCENSION (1),0000-00-00,0000-00-00,999,2
274,ชมพู่ทูลเกล้าเบอร์รอง(2),APPLE VICE ASCENSION (2),0000-00-00,0000-00-00,999,2
275,ชมพู่ทูลเกล้าเบอร์เล็ก(3),APPLE ASCENSION SMALL NUMBER (3),0000-00-00,0000-00-00,999,2
276,ชมพู่มะเหมียว,APPLE MAMIEW,0000-00-00,0000-00-00,999,2
277,ชมพู่เพ็ชร,APPLE RATATOUILLE,0000-00-00,0000-00-00,999,2
278,ชมพู่เพ็ชรเบอร์ยอด(1),RATATOUILLE APPLE'S SALES (1),0000-00-00,0000-00-00,999,2
279,ชมพู่เพ็ชรเบอร์รอง(2),APPLE VICE RATATOUILLE (2),0000-00-00,0000-00-00,999,2
280,ชมพู่เพ็ชรเบอร์เล็ก(3),APPLE RATATOUILLE SMALL NUMBER (3),0000-00-00,0000-00-00,999,2
281,แตงโมกินรี,WATERMELON KINNAREE,0000-00-00,0000-00-00,999,2
282,แตงโมกินรีเบอร์ใหญ่(1),KINNAREE BIG WATERMELON NUMBER (1),0000-00-00,0000-00-00,999,2
283,แตงโมกินรีเบอร์กลาง(2),WATERMELON KINNAREE CENTRAL NUMBER (2),0000-00-00,0000-00-00,999,2
284,แตงโมกินรีเบอร์เล็ก(3),WATERMELON KINNAREE SMALL NUMBER (3),0000-00-00,0000-00-00,999,2
285,แตงโมจินตหรา,WATERMELON JINTARA,0000-00-00,0000-00-00,999,2
286,แตงโมจินตหราเบอร์ใหญ่(1),JINTARA BIG WATERMELON NUMBER (1),0000-00-00,0000-00-00,999,2
287,แตงโมจินตหราเบอร์กลาง(2),WATERMELON JINTARA CENTRAL NUMBER (2),0000-00-00,0000-00-00,999,2
288,แตงโมจินตหราเบอร์เล็ก(3),WATERMELON JINTARA SMALL NUMBER (3),0000-00-00,0000-00-00,999,2
289,แตงโมตอปิโด,WATERMELON TORPEDO,0000-00-00,0000-00-00,999,2
290,แตงโมตอปิโดเบอร์ใหญ่(1),WATERMELON TORPEDO BIG NUMBERS (1),0000-00-00,0000-00-00,999,2
291,แตงโมตอปิโดเบอร์กลาง(2),WATERMELON TORPEDO CENTRAL NUMBER (2),0000-00-00,0000-00-00,999,2
292,แตงโมตอปิโดเบอร์เล็ก(3),WATERMELON TORPEDO SMALL NUMBER (3),0000-00-00,0000-00-00,999,2
293,แตงโมน้ำผึ้ง(สีเหลือง),WATERMELON HONEY (YELLOW),0000-00-00,0000-00-00,999,2
294,แตงโมน้ำผึ้งเบอร์ใหญ่(1),WATERMELON HONEY HARBOUR (1),0000-00-00,0000-00-00,999,2
295,แตงโมน้ำผึ้งเบอร์กลาง(2),WATERMELON HONEY HARBOUR (2),0000-00-00,0000-00-00,999,2
296,แตงโมน้ำผึ้งเบอร์เล็ก(3),HONEY MELON SMALL NUMBER (3),0000-00-00,0000-00-00,999,2
297,ฝรั่งไร้เมล็ด,GUAVA WITHOUT SEEDS,0000-00-00,0000-00-00,999,2
298,ฝรั่งไร้เมล็ดเบอร์ใหญ่(1),SEEDLESS GUAVA BIG NUMBERS (1),0000-00-00,0000-00-00,999,2
299,ฝรั่งไร้เมล็ดเบอร์กลาง(2),SEEDLESS GUAVA BERRY (2),0000-00-00,0000-00-00,999,2
300,ฝรั่งไร้เมล็ดเบอร์พิเศษ(3),SEEDLESS GUAVA BERRY (3),0000-00-00,0000-00-00,999,2
301,ฝรั่งกิมจู,WESTERN KIM JU,0000-00-00,0000-00-00,999,2
302,ฝรั่งกิมจูเบอร์ใหญ่(1),KIM JU-WESTERN BIG NUMBERS (1),0000-00-00,0000-00-00,999,2
303,ฝรั่งกิมจูเบอร์กลาง(2),KIM JU WESTERN CENTRAL NUMBER (2),0000-00-00,0000-00-00,999,2
304,ฝรั่งกิมจูเบอร์พิเศษ(3),FRANCE'S JULIE KIM (3),0000-00-00,0000-00-00,999,2
305,ฝรั่งแป้นสีทอง,WESTERN GOLDEN KEY,0000-00-00,0000-00-00,999,2
306,ฝรั่งแป้นสีทองเบอร์ใหญ่(1),WESTERN GOLDEN KEY NUMBERS (1),0000-00-00,0000-00-00,999,2
307,ฝรั่งแป้นสีทองเบอร์กลาง(2),WESTERN GOLDEN KEY NUMBERS (2),0000-00-00,0000-00-00,999,2
308,ฝรั่งแป้นสีทองเบอร์พิเศษ(3),WESTERN GOLDEN KEY NUMBERS (3),0000-00-00,0000-00-00,999,2
309,ฝรั่งกลมสาลี่,WESTERN ROUND BARROW,0000-00-00,0000-00-00,999,2
310,ฝรั่งกลมสาลี่เบอร์ยอด(1),WESTERN ROUND BARROW'S PEAK (1),0000-00-00,0000-00-00,999,2
311,ฝรั่งกลมสาลี่เบอร์กลาง(2),GUAVA PEAR ROUND NUMBER (2),0000-00-00,0000-00-00,999,2
312,ฝรั่งกลมสาลี่เบอร์พิเศษ(3),GUAVA PEAR ROUND NUMBER (3),0000-00-00,0000-00-00,999,2
313,พุทรานมสด/สาลี่เบอร์คัด(1),JUJUBE MILK / PEAR COPY NUMBER (1),0000-00-00,0000-00-00,999,2
314,พุทรานมสด/สาลี่,JUJUBE MILK / BARROW,0000-00-00,0000-00-00,999,2
315,พุทรานมสด/สาลี่เบอร์รอง(2),JUJUBE MILK / VICE BARROW (2),0000-00-00,0000-00-00,999,2
316,พุทรานมสด/สาลี่เบอร์เล็ก(3),JUJUBE MILK / PEAR SMALL NUMBER (3),0000-00-00,0000-00-00,999,2
317,พุทราบอมส์เบ,PUSH KNOW BOOMS BAY,0000-00-00,0000-00-00,999,2
318,พุทราบอมส์เบเบอร์ใหญ่(1),PUSH KNOW BOOMS BABER (1),0000-00-00,0000-00-00,999,2
319,พุทราบอมส์เบเบอร์รอง(2),PUSH KNOW BOOMS BABER DEPUTY (2),0000-00-00,0000-00-00,999,2
320,พุทราบอมส์เบเบอร์เล็ก(3),PUSH KNOW BOOMS BABER (3),0000-00-00,0000-00-00,999,2
321,พุทราสงวนทอง,JUJUBE GOLD RESERVES,0000-00-00,0000-00-00,999,2
322,พุทราสงวนทองเบอร์คัด(1),JUJUBE GOLD RESERVES COPY NUMBER (1),0000-00-00,0000-00-00,999,2
323,พุทราสงวนทองเบอร์รอง(2),JUJUBE VICE GOLD RESERVES (2),0000-00-00,0000-00-00,999,2
324,พุทราสงวนทองเบอร์เล็ก(3),JUJUBE'S GOLD RESERVES (3),0000-00-00,0000-00-00,999,2
325,พุทราสามรส(คละ),JUJUBE SWEET AND SOUR SAUCE (MIXED),0000-00-00,0000-00-00,999,2
326,พุทราพวงทอง(คละ),JUJUBE CHOMPOOTRIP (MIXED),0000-00-00,0000-00-00,999,2
327,มะกอกฝรั่ง(คละ),SPONDIAS DULCIS (MIXED),0000-00-00,0000-00-00,999,2
328,มะพร้าวเผา,COCONUT,0000-00-00,0000-00-00,999,2
329,มะพร้าวเผาเบอร์ใหญ่(1),COCONUT BIG NUMBERS (1),0000-00-00,0000-00-00,999,2
330,มะพร้าวเผาเบอร์กลาง(2),COCONUT CENTRAL NUMBER (2),0000-00-00,0000-00-00,999,2
331,มะพร้าวเผาเบอร์เล็ก(3),COCONUT SMALL NUMBER (3),0000-00-00,0000-00-00,999,2
332,มะพร้าวเผาเบอร์จิ๋ว(4),COCONUT TINY NUMBER (4),0000-00-00,0000-00-00,999,2
333,มะพร้าวอ่อนน้ำหอม,COCONUT FRAGRANCE,0000-00-00,0000-00-00,999,2
334,มะพร้าวอ่อนน้ำหอมเบอร์ใหญ่(1),COCONUT FRAGRANCE BIG NUMBER (1),0000-00-00,0000-00-00,999,2
335,มะพร้าวอ่อนน้ำหอมเบอร์กลาง(2),COCONUT FRAGRANCE CENTRAL NUMBER (2),0000-00-00,0000-00-00,999,2
336,มะพร้าวอ่อนน้ำหอมเบอร์เล็ก(3),COCONUT FRAGRANCE SMALL NUMBER (3),0000-00-00,0000-00-00,999,2
337,มะพร้าวอ่อนน้ำหอมเบอร์จิ๋ว(4),COCONUT FRAGRANCE TINY NUMBER (4),0000-00-00,0000-00-00,999,2
338,มะละกอแขกดำ,PAPAYA BLACK,0000-00-00,0000-00-00,999,2
339,มะละกอแขกดำเบอร์ใหญ่(1),PAPAYA BIG BLACK NUMBERS (1),0000-00-00,0000-00-00,999,2
340,มะละกอแขกดำเบอร์กลาง(2),PAPAYA BLACK BERRY (2),0000-00-00,0000-00-00,999,2
341,มะละกอแขกดำเบอร์เล็ก(3),PAPAYA BLACK SMALL NUMBER (3),0000-00-00,0000-00-00,999,2
342,มะละกอฮาวาย,HAWAIIAN PAPAYA,0000-00-00,0000-00-00,999,2
343,มะละกอฮาวายเบอร์ใหญ่(1),HAWAIIAN PAPAYA BIG NUMBERS (1),0000-00-00,0000-00-00,999,2
344,มะละกอฮาวายเบอร์กลาง(2),HAWAII'S PAPAYA (2),0000-00-00,0000-00-00,999,2
345,มะละกอฮาวายเบอร์เล็ก(3),HAWAIIAN PAPAYA SMALL NUMBER (3),0000-00-00,0000-00-00,999,2
346,มะละกอใต้หวัน,PAPAYA TAIWAN,0000-00-00,0000-00-00,999,2
347,มะละกอใต้หวันเบอร์ใหญ่(1),TAIWAN PAPAYAS BIG NUMBERS (1),0000-00-00,0000-00-00,999,2
348,มะละกอใต้หวันเบอร์กลาง(2),PAPAYA TAIWAN'S CENTRAL (2),0000-00-00,0000-00-00,999,2
349,มะละกอใต้หวันเบอร์เล็ก(3),TAIWAN PAPAYAS A SMALL NUMBER (3),0000-00-00,0000-00-00,999,2
350,มะละกอปักไม้ลาย,PAPAYA LACE WOOD,0000-00-00,0000-00-00,999,2
351,มะละกอปักไม้ลายเบอร์ใหญ่(1),PAPAYA FRUIT EMBROIDERY PATTERN NUMBER (1),0000-00-00,0000-00-00,999,2
352,มะละกอปักไม้ลายเบอร์กลาง(2),PAPAYA FRUIT EMBROIDERY PATTERN NUMBER (2),0000-00-00,0000-00-00,999,2
353,มะละกอปักไม้ลายเบอร์เล็ก(3),PAPAYA FRUIT EMBROIDERED PATTERN SMALL NUMBER (3),0000-00-00,0000-00-00,999,2
354,ละมุดมาเลย์,SAPODILLA BAY,0000-00-00,0000-00-00,999,2
355,ละมุดมาเลย์เบอร์ใหญ่,MALAYSIAN SAPODILLA BIG NUMBERS,0000-00-00,0000-00-00,999,2
356,ละมุดมาเลย์เบอร์กลาง,SAPODILLA BAY HARBOUR CENTRAL,0000-00-00,0000-00-00,999,2
357,ละมุดมาเลย์เบอร์เล็ก,SAPODILLA BAY SMALL NUMBERS,0000-00-00,0000-00-00,999,2
358,ละมุดหวานกรอบ,SAPODILLA SWEET FRAME,0000-00-00,0000-00-00,999,2
359,ละมุดหวานกรอบเบอร์ใหญ่,THE FRUIT IS SWEET CRISP BIG NUMBERS,0000-00-00,0000-00-00,999,2
360,ละมุดหวานกรอบเบอร์กลาง,THE FRUIT IS MEDIUM SWEET BERRY CRISP,0000-00-00,0000-00-00,999,2
361,ละมุดหวานกรอบเบอร์เล็ก,SAPODILLA SWEET LITTLE BERRY CRISP,0000-00-00,0000-00-00,999,2
362,ละมุดหวานสุก,SWEET RIPE SAPODILLA,0000-00-00,0000-00-00,999,2
363,ละมุดหวานสุกเบอร์ใหญ่,THE FRUIT IS SWEET RIPE BERRY BIG,0000-00-00,0000-00-00,999,2
364,ละมุดหวานสุกเบอร์กลาง,THE FRUIT IS MEDIUM SWEET RIPE BERRY,0000-00-00,0000-00-00,999,2
365,ละมุดหวานสุกเบอร์เล็ก,THE FRUIT IS RIPE SWEET LITTLE NUMBER,0000-00-00,0000-00-00,999,2
366,ส้มเขียวหวาน,ORANGE,0000-00-00,0000-00-00,999,2
367,ส้มเขียวหวานเบอร์00,TANGERINE NO 00,0000-00-00,0000-00-00,999,2
368,ส้มเขียวหวานเบอร์0,TANGERINE NUMBER 0,0000-00-00,0000-00-00,999,2
369,ส้มเขียวหวานเบอร์1,TANGERINE NO 1,0000-00-00,0000-00-00,999,2
370,ส้มเขียวหวานเบอร์2,TANGERINE NO 2,0000-00-00,0000-00-00,999,2
371,ส้มเขียวหวานเบอร์3,TANGERINE NO 3,0000-00-00,0000-00-00,999,2
372,ส้มเขียวหวานสีน้ำตาล,TANGERINE BROWN,0000-00-00,0000-00-00,999,2
373,ส้มเขียวหวานสีน้ำตาลเบอร์00,TANGERINE BROWN NO 00,0000-00-00,0000-00-00,999,2
374,ส้มเขียวหวานสีน้ำตาลเบอร์0,ORANGE BROWN NUMBER 0,0000-00-00,0000-00-00,999,2
375,ส้มเขียวหวานสีน้ำตาลเบอร์1,TANGERINE BROWN NO 1,0000-00-00,0000-00-00,999,2
376,ส้มเขียวหวานสีน้ำตาลเบอร์2,TANGERINE BROWN NO 2,0000-00-00,0000-00-00,999,2
377,ส้มเขียวหวานสีน้ำตาลเบอร์3,TANGERINE BROWN NO 3,0000-00-00,0000-00-00,999,2
378,ส้มโชกุล,ORANGE CHO KUN,0000-00-00,0000-00-00,999,2
379,ส้มโชกุลเบอร์00,CHO KUN ORANGE NO 00,0000-00-00,0000-00-00,999,2
380,ส้มโชกุลเบอร์0,MR CHO'S ORANGE 0,0000-00-00,0000-00-00,999,2
381,ส้มโชกุลเบอร์1,CHO KUN NUMBER 1 ORANGE,0000-00-00,0000-00-00,999,2
382,ส้มโชกุลเบอร์2,ORANGE CHO KUN NO 2,0000-00-00,0000-00-00,999,2
383,ส้มโชกุลเบอร์3,ORANGE CHO KUN NO 3,0000-00-00,0000-00-00,999,2
384,ส้มฟรีมองค์,ORANGE FREE MONCK,0000-00-00,0000-00-00,999,2
385,ส้มฟรีมองค์เบอร์00,ORANGE FREE MONCK NO 00,0000-00-00,0000-00-00,999,2
386,ส้มฟรีมองค์เบอร์0,ORANGE FREE MONCK NUMBER 0,0000-00-00,0000-00-00,999,2
387,ส้มฟรีมองค์เบอร์1,ORANGE FREE MONCK NO 1,0000-00-00,0000-00-00,999,2
388,ส้มฟรีมองค์เบอร์2,ORANGE FREE MONCK NO 2,0000-00-00,0000-00-00,999,2
389,ส้มฟรีมองค์เบอร์3,ORANGE FREE MONCK NO 3,0000-00-00,0000-00-00,999,2
390,ส้มสายน้ำผึ้ง,ORANGE HONEYSUCKLE,0000-00-00,0000-00-00,999,2
391,ส้มสายน้ำผึ้งเบอร์72,HONEYSUCKLE ORANGE NO 72,0000-00-00,0000-00-00,999,2
392,ส้มสายน้ำผึ้งเบอร์84,HONEYSUCKLE ORANGE NO 84,0000-00-00,0000-00-00,999,2
393,ส้มสายน้ำผึ้งเบอร์105,ORANGE HONEYSUCKLE NO 105,0000-00-00,0000-00-00,999,2
394,ส้มสายน้ำผึ้งเบอร์7,HONEYSUCKLE ORANGE NO 7,0000-00-00,0000-00-00,999,2
395,ส้มสายน้ำผึ้งเบอร์6,ORANGE HONEYSUCKLE NO 6,0000-00-00,0000-00-00,999,2
396,ส้มสายน้ำผึ้งเบอร์5,ORANGE HONEYSUCKLE NO 5,0000-00-00,0000-00-00,999,2
397,ส้มสายน้ำผึ้งเบอร์4,ORANGE HONEYSUCKLE NO 4,0000-00-00,0000-00-00,999,2
398,ส้มสายน้ำผึ้งเบอร์3,ORANGE HONEYSUCKLE NO 3,0000-00-00,0000-00-00,999,2
399,ส้มสีทองเบอร์คละ,ORANGE GOLD MIXED NUMBERS,0000-00-00,0000-00-00,999,2
400,ส้มเหนือ,NORTH ORANGE,0000-00-00,0000-00-00,999,2
401,ส้มเหนือเบอร์00,NO 00 NORTH ORANGE,0000-00-00,0000-00-00,999,2
402,ส้มเหนือเบอร์0,ORANGE NORTH HARBOUR 0,0000-00-00,0000-00-00,999,2
403,ส้มเหนือเบอร์1,NORTH ORANGE NO 1,0000-00-00,0000-00-00,999,2
404,ส้มเหนือเบอร์2,ORANGE OVER NO 2,0000-00-00,0000-00-00,999,2
405,ส้มเหนือเบอร์3,ORANGE OVER NO 3,0000-00-00,0000-00-00,999,2
406,ส้มจีน,MANDARIN,0000-00-00,0000-00-00,999,2
407,สับปะรดตราดสีทอง,TRAD GOLDEN PINEAPPLE,0000-00-00,0000-00-00,999,2
408,สับปะรดตราดสีทองเบอร์1,TRAD GOLDEN PINEAPPLE NUMBER ONE,0000-00-00,0000-00-00,999,2
409,สับปะรดตราดสีทองเบอร์2,TRAD GOLDEN PINEAPPLE NUMBER 2,0000-00-00,0000-00-00,999,2
410,สับปะรดตราดสีทองเบอร์3,TRAD GOLDEN PINEAPPLE NUMBER 3,0000-00-00,0000-00-00,999,2
411,สับปะรดตราดสีทองเบอร์4,TRAD GOLDEN PINEAPPLE NUMBER 4,0000-00-00,0000-00-00,999,2
412,สัปปะรดปัตเวีย(ศรีราชา),PINEAPPLE TURVY PAVIA (SRIRACHA),0000-00-00,0000-00-00,999,2
413,สัปปะรดปัตเวียเบอร์1,PINEAPPLE TURVY WEIR NO 1,0000-00-00,0000-00-00,999,2
414,สัปปะรดปัตเวียเบอร์2,PINEAPPLE TURVY WEIR NO 2,0000-00-00,0000-00-00,999,2
415,สัปปะรดปัตเวียเบอร์3,PINEAPPLE TURVY WEIR NO 3,0000-00-00,0000-00-00,999,2
416,สัปปะรดปัตเวียเบอร์4,PINEAPPLE TURVY WEIR NO 4,0000-00-00,0000-00-00,999,2
417,องุ่นเขียว,GREEN GRAPES,0000-00-00,0000-00-00,999,2
418,องุ่นเขียวเบอร์ยอด,NUMBERS PEAKED GRAPES,0000-00-00,0000-00-00,999,2
419,องุ่นเขียวเบอร์รอง,GREEN GRAPES VICE,0000-00-00,0000-00-00,999,2
420,องุ่นเขียวเบอร์เล็ก,A SMALL NUMBER OF GREEN GRAPES,0000-00-00,0000-00-00,999,2
421,องุ่นดำ,BLACK GRAPE,0000-00-00,0000-00-00,999,2
422,องุ่นดำเบอร์ยอด,BLACK GRAPE'S ELITE,0000-00-00,0000-00-00,999,2
423,องุ่นดำเบอร์รอง,BLACK GRAPES VICE,0000-00-00,0000-00-00,999,2
424,องุ่นดำเบอร์เล็ก,A SMALL NUMBER OF BLACK GRAPES,0000-00-00,0000-00-00,999,2
425,กล้วยไข่ตราด-จันทบุรี,BANANAS TRAT - CHANTHABURI,0000-00-00,0000-00-00,999,2
426,กล้วยไข่ตราด-จันทบุรีเบอร์เล็ก,BANANAS TRAT - CHANTHABURI SMALL NUMBER,0000-00-00,0000-00-00,999,2
427,กล้วยไข่ตราด-จันทบุรีเบอร์กลาง,BANANAS TRAT - CHANTHABURI CENTRAL NUMBER,0000-00-00,0000-00-00,999,2
428,กล้วยไข่ตราด-จันทบุรีเบอร์ใหญ่,BANANAS TRAT - CHANTHABURI LARGE NUMBERS,0000-00-00,0000-00-00,999,2
429,กระท้อนขันทอง,SANTOL KHANTHONG,0000-00-00,0000-00-00,999,2
430,กระท้อนขันทองเบอร์ใหญ่,SANTOL KHANTHONG BIG NUMBERS,0000-00-00,0000-00-00,999,2
431,กระท้อนขันทองเบอร์กลาง,SANTOL'S CENTRAL KHANTHONG,0000-00-00,0000-00-00,999,2
432,กระท้อนขันทองเบอร์เล็ก,SANTOL SMALL NUMBER KHANTHONG,0000-00-00,0000-00-00,999,2
433,กระท้อนทองกำมะยี่,SENTUL GOLDEN VELVET GRIP,0000-00-00,0000-00-00,999,2
434,กระท้อนทองกำมะยี่เบอร์ใหญ่,FOR A LARGE NUMBER TWENTY GOLD SENTUL,0000-00-00,0000-00-00,999,2
435,กระท้อนทองกำมะยี่เบอร์กลาง,SENTUL GOLDEN VELVET GRIP CENTRAL NUMBER,0000-00-00,0000-00-00,999,2
436,กระท้อนทองกำมะยี่เบอร์เล็ก,FOR A SMALL NUMBER TWENTY GOLD SENTUL,0000-00-00,0000-00-00,999,2
437,กระท้อนทับทิม,SANTOL RUBY,0000-00-00,0000-00-00,999,2
438,กระท้อนทับทิมเบอร์ใหญ่,SANTOL RUBY BIG NUMBERS,0000-00-00,0000-00-00,999,2
439,กระท้อนทับทิมเบอร์กลาง,RUBY'S MIDDLE SANTOL,0000-00-00,0000-00-00,999,2
440,กระท้อนทับทิมเบอร์เล็ก,SANTOL'S SMALL POMEGRANATE,0000-00-00,0000-00-00,999,2
441,กระท้อนทิพย์รส,SANTOL NECTAR FLAVOR,0000-00-00,0000-00-00,999,2
442,กระท้อนทิพย์รสเบอร์ใหญ่,SANTOL NECTAR FLAVOR BIG NUMBERS,0000-00-00,0000-00-00,999,2
443,กระท้อนทิพย์รสเบอร์กลาง,SANTOL HEAVENLY TASTE BIRMINGHAM CENTRAL,0000-00-00,0000-00-00,999,2
444,กระท้อนทิพย์รสเบอร์เล็ก,SANTOL NECTAR FLAVOR SMALL NUMBER,0000-00-00,0000-00-00,999,2
445,กระท้อนนิ่มนวล,SANTOL BLAND,0000-00-00,0000-00-00,999,2
446,กระท้อนนิ่มนวลเบอร์ใหญ่,SANTOL SUPPLE BIG NUMBERS,0000-00-00,0000-00-00,999,2
447,กระท้อนนิ่มนวลเบอร์กลาง,SANTOL SUPPLE CENTRAL NUMBER,0000-00-00,0000-00-00,999,2
448,กระท้อนนิ่มนวลเบอร์เล็ก,SANTOL SUPPLE SMALL NUMBER,0000-00-00,0000-00-00,999,2
449,กระท้อนปุยฝ้าย,SANTOL WADDING,0000-00-00,0000-00-00,999,2
450,กระท้อนปุยฝ้ายเบอร์ใหญ่,SANTOL WADDING BIG NUMBERS,0000-00-00,0000-00-00,999,2
451,กระท้อนปุยฝ้ายเบอร์กลาง,SANTOL'S CENTRAL WADDING,0000-00-00,0000-00-00,999,2
452,กระท้อนปุยฝ้ายเบอร์เล็ก,SANTOL SMALL NUMBER WADDING,0000-00-00,0000-00-00,999,2
453,กระท้อนอิล่า,SANTOL'S HUNT,0000-00-00,0000-00-00,999,2
454,กระท้อนอิล่าเบอร์ใหญ่,IT'S A BIG NUMBER SANTOL,0000-00-00,0000-00-00,999,2
455,กระท้อนอิล่าเบอร์กลาง,IT'S THE NUMBER SANTOL,0000-00-00,0000-00-00,999,2
456,กระท้อนอิล่าเบอร์เล็ก,IT'S A SMALL NUMBER SANTOL,0000-00-00,0000-00-00,999,2
457,แก้วมังกรไทย,DRAGON THAILAND,0000-00-00,0000-00-00,999,2
458,แก้วมังกรไทยเบอร์ใหญ่,DRAGON THAILAND BIG NUMBERS,0000-00-00,0000-00-00,999,2
459,แก้วมังกรไทยเบอร์กลาง,THAILAND'S CENTRAL DRAGON,0000-00-00,0000-00-00,999,2
460,แก้วมังกรไทยเบอร์เล็ก,THAILAND'S SMALL FRUIT,0000-00-00,0000-00-00,999,2
461,แก้วมังกรเวียดนาม,VIETNAMESE DRAGON FRUIT,0000-00-00,0000-00-00,999,2
462,แก้วมังกรเวียดนามเบอร์ใหญ่,VIETNAMESE DRAGON BIG NUMBERS,0000-00-00,0000-00-00,999,2
463,แก้วมังกรเวียดนามเบอร์กลาง,VIETNAM'S CENTRAL DRAGON,0000-00-00,0000-00-00,999,2
464,แก้วมังกรเวียดนามเบอร์เล็ก,VIETNAMESE DRAGON'S TINY,0000-00-00,0000-00-00,999,2
465,เงาะโรงเรียน,RAMBUTAN,0000-00-00,0000-00-00,999,2
466,เงาะโรงเรียน(ลัง),RAMBUTAN (CRATE),0000-00-00,0000-00-00,999,2
467,เงาะโรงเรียน(โกย),RAMBUTAN (PITCHFORK),0000-00-00,0000-00-00,999,2
468,เงาะสีชมพู(คละ),RAMBUTAN PINK (ASSORTED),0000-00-00,0000-00-00,999,2
469,ทับทิมเบอร์จัมโบ้(1),RUBY'S JUMBO (1),0000-00-00,0000-00-00,999,2
470,ทับทิมเบอร์ใหญ่(2),BIG RUBY'S (2),0000-00-00,0000-00-00,999,2
471,ทับทิมเบอร์กลาง(3),RUBY'S MEDIUM (3),0000-00-00,0000-00-00,999,2
472,ทุเรียนกระดุม,DURIAN BUTTON,0000-00-00,0000-00-00,999,2
473,ทุเรียนกระดุมเกรดA(1),DURIAN BUTTON GRADE A (1),0000-00-00,0000-00-00,999,2
474,ทุเรียนกระดุมเกรดB(2),DURIAN BUTTONS GRADE B (2),0000-00-00,0000-00-00,999,2
475,ทุเรียนกระดุมเกรดC(3),DURIAN BUTTONS GRADE C (3),0000-00-00,0000-00-00,999,2
476,ทุเรียนก้านยาวเกรดA(1),DURIAN STEMS GRADE A (1),0000-00-00,0000-00-00,999,2
477,ทุเรียนก้านยาว,DURIAN WILT CHAMBERLAIN,0000-00-00,0000-00-00,999,2
478,ทุเรียนก้านยาวเกรดB(2),DURIAN STEMS GRADE B (2),0000-00-00,0000-00-00,999,2
479,ทุเรียนก้านยาวเกรดC(3),DURIAN STEMS GRADE C (3),0000-00-00,0000-00-00,999,2
480,ทุเรียนชะนี,DURIAN GIBBONS,0000-00-00,0000-00-00,999,2
481,ทุเรียนชะนีเกรดA(1),DURIAN GIBBONS GRADE A (1),0000-00-00,0000-00-00,999,2
482,ทุเรียนชะนีเกรดB(2),DURIAN GIBBONS GRADE B (2),0000-00-00,0000-00-00,999,2
483,ทุเรียนชะนีเกรดC(3),DURIAN GIBBONS GRADE C (3),0000-00-00,0000-00-00,999,2
484,ทุเรียนหมอนทอง,DURIAN MON THONG,0000-00-00,0000-00-00,999,2
485,ทุเรียนหมอนทองเกรดA(1),DURIAN CV GRADE A (1),0000-00-00,0000-00-00,999,2
486,ทุเรียนหมอนทองเกรดB(2),DURIAN CV GRADE B (2),0000-00-00,0000-00-00,999,2
487,ทุเรียนหมอนทองเกรดC(3),DURIAN CV GRADE C (3),0000-00-00,0000-00-00,999,2
488,น้อยหน่าเนื้อ,ANNONA MEAT,0000-00-00,0000-00-00,999,2
489,น้อยหน่าเนื้อเบอร์จัมโบ้,ANNONA JUMBO BEEF BURGER,0000-00-00,0000-00-00,999,2
490,น้อยหน่าเนื้อเบอร์ใหญ่,CUSTARD TEXTURE BIG NUMBERS,0000-00-00,0000-00-00,999,2
491,น้อยหน่าเนื้อเบอร์กลาง,BERRY CUSTARD TEXTURE MEDIUM,0000-00-00,0000-00-00,999,2
492,น้อยหน่าเนื้อเบอร์เล็ก,ANNONA SMALL NUMBER MEAT,0000-00-00,0000-00-00,999,2
493,น้อยหน่าเนื้อเบอร์จิ๋ว,CUSTARD TEXTURE TINY NUMBER,0000-00-00,0000-00-00,999,2
494,น้อยหน่าหนัง,ANNONA MOVIE,0000-00-00,0000-00-00,999,2
495,น้อยหน่าหนังเบอร์จัมโบ้,ANNONA FILM'S JUMBO,0000-00-00,0000-00-00,999,2
496,น้อยหน่าหนังเบอร์ใหญ่,ANNONA MOVIE BIG NUMBERS,0000-00-00,0000-00-00,999,2
497,น้อยหน่าหนังเบอร์กลาง,THE FILM'S CENTRAL CUSTARD,0000-00-00,0000-00-00,999,2
498,น้อยหน่าหนังเบอร์เล็ก,THE FILM'S SMALL CUSTARD,0000-00-00,0000-00-00,999,2
499,น้อยหน่าหนังเบอร์จิ๋ว,THE FILM'S TINY ANNONA,0000-00-00,0000-00-00,999,2
500,มะกอกน้ำ(คละ),MAKAKNGM (MIXED),0000-00-00,0000-00-00,999,2
501,มะขามเทศเบอร์ใหญ่,MAKAMETS BIG NUMBERS,0000-00-00,0000-00-00,999,2
502,มะขามเทศเบอร์กลาง,MAKAMETS CALL CENTER,0000-00-00,0000-00-00,999,2
503,มะขามเทศเบอร์เล็ก,A SMALL NUMBER MAKAMETS,0000-00-00,0000-00-00,999,2
504,มะขามหวานลินจง,TAMARIND LINHG,0000-00-00,0000-00-00,999,2
505,มะขามหวานลินจงเบอร์ใหญ่,TAMARIND LINHG BIG NUMBERS,0000-00-00,0000-00-00,999,2
506,มะขามหวานลินจงเบอร์กลาง,TAMARIND'S CENTRAL LINHG,0000-00-00,0000-00-00,999,2
507,มะขามหวานลินจงเบอร์เล็ก,TAMARIND SMALL NUMBER LINHG,0000-00-00,0000-00-00,999,2
508,มะขามหวานสีชมพู,TAMARIND SWEET PINK,0000-00-00,0000-00-00,999,2
509,มะขามหวานสีชมพูเบอร์ใหญ่,TAMARIND SWEET PINK BIG NUMBERS,0000-00-00,0000-00-00,999,2
510,มะขามหวานสีชมพูเบอร์กลาง,TAMARIND SWEET PINK BERRY MIDDLE,0000-00-00,0000-00-00,999,2
511,มะขามหวานสีชมพูเบอร์เล็ก,TAMARIND SWEET LITTLE PINK NUMBER,0000-00-00,0000-00-00,999,2
512,มะขามหวานสีทอง,TAMARIND GOLD,0000-00-00,0000-00-00,999,2
513,มะขามหวานสีทองเบอร์ใหญ่,TAMARIND GOLDEN BIG NUMBERS,0000-00-00,0000-00-00,999,2
514,มะขามหวานสีทองเบอร์กลาง,TAMARIND'S GOLDEN MIDDLE,0000-00-00,0000-00-00,999,2
515,มะขามหวานสีทองเบอร์เล็ก,A SMALL NUMBER OF GOLDEN SWEET TAMARIND,0000-00-00,0000-00-00,999,2
516,มะปราง(คละ),MAPRANG (MIXED),0000-00-00,0000-00-00,999,2
517,มะยงชิด,MAIGCHID,0000-00-00,0000-00-00,999,2
518,มะยงชิดเบอร์ใหญ่,MAIGCHID BIG NUMBERS,0000-00-00,0000-00-00,999,2
519,มะยงชิดเบอร์กลาง,MAIGCHID CALL CENTER,0000-00-00,0000-00-00,999,2
520,มะยงชิดเบอร์เล็ก,A SMALL NUMBER MAIGCHID,0000-00-00,0000-00-00,999,2
521,มะเฟือง(คละ),GOOSEBERRY (MIXED),0000-00-00,0000-00-00,999,2
522,มะไฟไข่เต่า(คละ),MA FAI TURTLE EGGS (MIXED),0000-00-00,0000-00-00,999,2
523,มะไฟเหรียญทอง,MA FAI GOLD,0000-00-00,0000-00-00,999,2
524,มะม่วงแก้ว,MANGO GLASS,0000-00-00,0000-00-00,999,2
525,มะม่วงแก้วเบอร์0,MANGO GLASS BURTON 0,0000-00-00,0000-00-00,999,2
526,มะม่วงแก้วเบอร์1,MANGO GLASS NO 1,0000-00-00,0000-00-00,999,2
527,มะม่วงแก้วเบอร์2,NUMBER TWO GLASSES OF MANGO,0000-00-00,0000-00-00,999,2
528,มะม่วงแก้วเบอร์3,MANGO GLASS NO 3,0000-00-00,0000-00-00,999,2
529,มะม่วงแก้วลืมรัง,MANGO GLASS LOST NEST,0000-00-00,0000-00-00,999,2
530,มะม่วงแก้วลืมรังเบอร์0,MANGO GLASS LOST NEST NUMBERS 0,0000-00-00,0000-00-00,999,2
531,มะม่วงแก้วลืมรังเบอร์1,RANG THE NUMBER ONE GLASS OF MANGO,0000-00-00,0000-00-00,999,2
532,มะม่วงแก้วลืมรังเบอร์2,MANGO GLASS LOST NEST NO 2,0000-00-00,0000-00-00,999,2
533,มะม่วงแก้วลืมรังเบอร์3,MANGO GLASS LOST NEST NO 3,0000-00-00,0000-00-00,999,2
534,มะม่วงเขียวเสวย,MANGO EKIIWESWI,0000-00-00,0000-00-00,999,2
535,มะม่วงเขียวเสวยเบอร์0,MANGO EKIIWESWI NUMBER 0,0000-00-00,0000-00-00,999,2
536,มะม่วงเขียวเสวยเบอร์1,MANGO EKIIWESWI NO 1,0000-00-00,0000-00-00,999,2
537,มะม่วงเขียวเสวยเบอร์2,MANGO EKIIWESWI NO 2,0000-00-00,0000-00-00,999,2
538,มะม่วงเขียวเสวยเบอร์3,MANGO EKIIWESWI NO 3,0000-00-00,0000-00-00,999,2
539,มะม่วงโชคอนันต์แก่,MANGO LUCK TO INFINITY,0000-00-00,0000-00-00,999,2
540,มะม่วงโชคอนันต์แก่เบอร์0,MANGO LUCKY NUMBERS 0 TO INFINITY,0000-00-00,0000-00-00,999,2
541,มะม่วงโชคอนันต์แก่เบอร์1,FORTUNATELY FOR MANGO INFINITE NUMBER 1,0000-00-00,0000-00-00,999,2
542,มะม่วงโชคอนันต์แก่เบอร์2,FORTUNATELY FOR MANGO INFINITE NUMBER TWO,0000-00-00,0000-00-00,999,2
543,มะม่วงโชคอนันต์แก่เบอร์3,FORTUNATELY FOR MANGO INFINITE NUMBER 3,0000-00-00,0000-00-00,999,2
544,มะม่วงโชคอนันต์สุก,RIPE MANGO CHOK ANAN,0000-00-00,0000-00-00,999,2
545,มะม่วงโชคอนันต์สุกเบอร์0,RIPE MANGOES HAVE AN INFINITE NUMBER 0,0000-00-00,0000-00-00,999,2
546,มะม่วงโชคอนันต์สุกเบอร์1,RIPE MANGOES HAVE AN INFINITE NUMBER 1,0000-00-00,0000-00-00,999,2
547,มะม่วงโชคอนันต์สุกเบอร์2,RIPE MANGOES HAVE AN INFINITE NUMBER TWO,0000-00-00,0000-00-00,999,2
548,มะม่วงโชคอนันต์สุกเบอร์3,RIPE MANGOES HAVE AN INFINITE NUMBER 3,0000-00-00,0000-00-00,999,2
549,มะม่วงทองดำ,MANGO BLACK GOLD,0000-00-00,0000-00-00,999,2
550,มะม่วงทองดำเบอร์0,MANGO'S BLACK GOLD 0,0000-00-00,0000-00-00,999,2
551,มะม่วงทองดำเบอร์1,MANGO'S FIRST BLACK GOLD,0000-00-00,0000-00-00,999,2
552,มะม่วงทองดำเบอร์2,MANGO BLACK GOLD NUMBER TWO,0000-00-00,0000-00-00,999,2
553,มะม่วงทองดำเบอร์3,MANGO BLACK GOLD NO 3,0000-00-00,0000-00-00,999,2
554,มะม่วงน้ำดอกไม้แก่,MANGO THE,0000-00-00,0000-00-00,999,2
555,มะม่วงน้ำดอกไม้แก่เบอร์0,MANGO THE NUMBER 0,0000-00-00,0000-00-00,999,2
556,มะม่วงน้ำดอกไม้แก่เบอร์1,MANGO THE NUMBER 1,0000-00-00,0000-00-00,999,2
557,มะม่วงน้ำดอกไม้แก่เบอร์2,MANGO THE NUMBER TWO,0000-00-00,0000-00-00,999,2
558,มะม่วงน้ำดอกไม้แก่เบอร์3,MANGO THE NUMBER 3,0000-00-00,0000-00-00,999,2
559,มะม่วงน้ำดอกไม้สุก,RIPE MANGO,0000-00-00,0000-00-00,999,2
560,มะม่วงน้ำดอกไม้สุกเบอร์0,MANGO RIPE BERRY 0,0000-00-00,0000-00-00,999,2
561,มะม่วงน้ำดอกไม้สุกเบอร์1,NO 1 RIPE MANGO,0000-00-00,0000-00-00,999,2
562,มะม่วงน้ำดอกไม้สุกเบอร์2,RIPE MANGO NO 2,0000-00-00,0000-00-00,999,2
563,มะม่วงน้ำดอกไม้สุกเบอร์3,RIPE MANGO NO 3,0000-00-00,0000-00-00,999,2
564,มะม่วงน้ำดอกไม้อ่อน,MANGO SOFT,0000-00-00,0000-00-00,999,2
565,มะม่วงน้ำดอกไม้อ่อนเบอร์0,LIGHT MANGO BERRY 0,0000-00-00,0000-00-00,999,2
566,มะม่วงน้ำดอกไม้อ่อนเบอร์1,NO 1 SOFT MANGO,0000-00-00,0000-00-00,999,2
567,มะม่วงน้ำดอกไม้อ่อนเบอร์2,NO 2 SOFT MANGO,0000-00-00,0000-00-00,999,2
568,มะม่วงน้ำดอกไม้อ่อนเบอร์3,NO 3 SOFT MANGO,0000-00-00,0000-00-00,999,2
569,มะม่วงฟ้าลั่นทั่วไปเบอร์0,MANGO THUNDER GENERAL NUMBER 0,0000-00-00,0000-00-00,999,2
570,มะม่วงฟ้าลั่นทั่วไปเบอร์1,MANGO THUNDER GENERAL NUMBER ONE,0000-00-00,0000-00-00,999,2
571,มะม่วงฟ้าลั่นทั่วไปเบอร์2,MANGO THUNDER GENERAL NUMBER 2,0000-00-00,0000-00-00,999,2
572,มะม่วงฟ้าลั่นทั่วไปเบอร์3,MANGO THUNDER GENERAL NUMBER 3,0000-00-00,0000-00-00,999,2
573,มะม่วงฟ้าลั่นสามพราน,MANGO ROSE THUNDER,0000-00-00,0000-00-00,999,2
574,มะม่วงฟ้าลั่นสามพรานเบอร์0,MANGO ROSE'S THUNDER 0,0000-00-00,0000-00-00,999,2
575,มะม่วงฟ้าลั่นสามพรานเบอร์1,MANGO ROSE THUNDER NO 1,0000-00-00,0000-00-00,999,2
576,มะม่วงฟ้าลั่นสามพรานเบอร์2,MANGO THUNDER ROSE NO 2,0000-00-00,0000-00-00,999,2
577,มะม่วงฟ้าลั่นสามพรานเบอร์3,MANGO THUNDER ROSE NO 3,0000-00-00,0000-00-00,999,2
578,มะม่วงมันเดือนเก้า,MANGO IS NINE MONTHS,0000-00-00,0000-00-00,999,2
579,มะม่วงมันเดือนเก้าเบอร์0,MANGO'S NUMBER NINE MONTH 0,0000-00-00,0000-00-00,999,2
580,มะม่วงมันเดือนเก้าเบอร์1,MANGO'S FIRST NINE MONTHS IT,0000-00-00,0000-00-00,999,2
581,มะม่วงมันเดือนเก้าเบอร์2,MANGO'S NINE-MONTH NUMBER TWO,0000-00-00,0000-00-00,999,2
582,มะม่วงมันเดือนเก้าเบอร์3,MANGO'S NINE-MONTH NUMBER THREE,0000-00-00,0000-00-00,999,2
583,มะม่วงแรด,MANGO RHINO,0000-00-00,0000-00-00,999,2
584,มะม่วงแรดเบอร์0,MANGO RHINO NUMBERS 0,0000-00-00,0000-00-00,999,2
585,มะม่วงแรดเบอร์1,MANGO'S FIRST RHINO,0000-00-00,0000-00-00,999,2
586,มะม่วงแรดเบอร์2,MANGO'S TWO RHINO,0000-00-00,0000-00-00,999,2
587,มะม่วงแรดเบอร์3,MANGO RHINO NUMBERS 3,0000-00-00,0000-00-00,999,2
588,มะม่วงหนองแซง,MANGO ZANG,0000-00-00,0000-00-00,999,2
589,มะม่วงหนองแซงเบอร์0,MANGO ZANG NUMBER 0,0000-00-00,0000-00-00,999,2
590,มะม่วงหนองแซงเบอร์1,MANGO ZANG NO 1,0000-00-00,0000-00-00,999,2
591,มะม่วงหนองแซงเบอร์2,MANGO ZANG NO 2,0000-00-00,0000-00-00,999,2
592,มะม่วงหนองแซงเบอร์3,MANGO ZANG NO 3,0000-00-00,0000-00-00,999,2
593,มะม่วงหนังกลางวัน,MANGO MATINEE,0000-00-00,0000-00-00,999,2
594,มะม่วงหนังกลางวันเบอร์0,MANGO'S MATINEE 0,0000-00-00,0000-00-00,999,2
595,มะม่วงหนังกลางวันเบอร์1,MANGO'S FIRST MATINEE,0000-00-00,0000-00-00,999,2
596,มะม่วงหนังกลางวันเบอร์2,MANGO MATINEE NO 2,0000-00-00,0000-00-00,999,2
597,มะม่วงหนังกลางวันเบอร์3,MANGO MATINEE NO 3,0000-00-00,0000-00-00,999,2
598,มะม่วงอกร่องดิบ,RAW MANGO AKREAG,0000-00-00,0000-00-00,999,2
599,มะม่วงอกร่องดิบเบอร์0,MANGO AKREAG RAW NUMBERS 0,0000-00-00,0000-00-00,999,2
600,มะม่วงอกร่องดิบเบอร์1,NO 1 RAW MANGO AKREAG,0000-00-00,0000-00-00,999,2
601,มะม่วงอกร่องดิบเบอร์2,NO 2 RAW MANGOES AKREAG,0000-00-00,0000-00-00,999,2
602,มะม่วงอกร่องดิบเบอร์3,RAW MANGO AKREAG NO 3,0000-00-00,0000-00-00,999,2
603,มะม่วงอกร่องสุก,RIPE MANGOES AKREAG,0000-00-00,0000-00-00,999,2
604,มะม่วงอกร่องสุกเบอร์0,RIPE MANGOES AKREAG NUMBER 0,0000-00-00,0000-00-00,999,2
605,มะม่วงอกร่องสุกเบอร์1,NO 1 RIPE MANGO AKREAG,0000-00-00,0000-00-00,999,2
606,มะม่วงอกร่องสุกเบอร์2,NO 2 RIPE MANGOS AKREAG,0000-00-00,0000-00-00,999,2
607,มะม่วงอกร่องสุกเบอร์3,NO 3 RIPE MANGOES AKREAG,0000-00-00,0000-00-00,999,2
608,มังคุดผิวมันเบอร์ยอด(1),MANGOSTEEN SKIN'S BALANCE (1),0000-00-00,0000-00-00,999,2
609,มังคุดผิวมันเบอร์รอง(2),MANGOSTEEN GLOSSY NUMBER PAD (2),0000-00-00,0000-00-00,999,2
610,มังคุดผิวมันเบอร์เล็ก(3),IT'S A SMALL FRUIT SKIN (3),0000-00-00,0000-00-00,999,2
611,มังคุดผิวมัน(คละ),MANGOSTEEN OILY (MIXED),0000-00-00,0000-00-00,999,2
612,ระกำหวานเบอร์ยอด(1),BROKEN TOP SWEET BERRY (1),0000-00-00,0000-00-00,999,2
613,ระกำหวานเบอร์คัดช่อ(2),BROKEN SWEET BERRY BOUQUET SCREENING (2),0000-00-00,0000-00-00,999,2
614,ระกำหวานเบอร์รวม(3),BROKEN SWEET BERRY (3),0000-00-00,0000-00-00,999,2
615,ระกำหวาน(คละ),BROKEN SWEET (MIXED),0000-00-00,0000-00-00,999,2
616,ลองกอง(ช่อ),WOLLONGONG (BOUQUET),0000-00-00,0000-00-00,999,2
617,ลองกอง(ช่อ)เบอร์ยอด(1),WOLLONGONG (CHO) PEAK NUMBER (1),0000-00-00,0000-00-00,999,2
618,ลองกอง(ช่อ)เบอร์รอง(2),WOLLONGONG (CHO) VICE (2),0000-00-00,0000-00-00,999,2
619,ลองกอง(ช่อ)เบอร์รวม(3),WOLLONGONG (BOUQUET) NO (3),0000-00-00,0000-00-00,999,2
620,ลองกอง(ช่อ)เบอร์คละ,WOLLONGONG (BOUQUET) MIXED BERRY,0000-00-00,0000-00-00,999,2
621,ลอนตาล(คละ),TAN SALON (MIXED),0000-00-00,0000-00-00,999,2
622,ละไม(คละ),LAMAI (MIXED),0000-00-00,0000-00-00,999,2
623,ลางสาด(ช่อ),LANGSAT (BOUQUET),0000-00-00,0000-00-00,999,2
624,ลางสาด(ช่อ)เบอร์ยอด(1),LANGSAT (CHO) PEAK NUMBER (1),0000-00-00,0000-00-00,999,2
625,ลางสาด(ช่อ)เบอร์คัดช่อ(2),LANGSAT (CHO) CHO COPY NUMBER (2),0000-00-00,0000-00-00,999,2
626,ลางสาด(ช่อ)เบอร์รวม(3),LANGSAT (BOUQUET) NO (3),0000-00-00,0000-00-00,999,2
627,ลางสาด(ช่อ)คละ,LANGSAT (BOUQUET) MIXED,0000-00-00,0000-00-00,999,2
628,ลำไยกะโหลก,LONGAN SKULL,0000-00-00,0000-00-00,999,2
629,ลำไยกะโหลกเบอร์จัมโบ้(1),LONGAN'S SKULL JUMBO (1),0000-00-00,0000-00-00,999,2
630,ลำไยกะโหลกเบอร์ใหญ่(2),LONGAN SKULL BIG NUMBERS (2),0000-00-00,0000-00-00,999,2
631,ลำไยกะโหลกเบอร์กลาง(3),LONGAN SKULL CENTRAL NUMBER (3),0000-00-00,0000-00-00,999,2
632,ลำไยกะโหลก(คละ),LONGAN SKULL (MIXED),0000-00-00,0000-00-00,999,2
633,ลำไยสีชมพู,LONGAN PINK,0000-00-00,0000-00-00,999,2
634,ลำไยสีชมพูเบอร์จัมโบ้(1),LONGAN BERRY PINK JUMBO (1),0000-00-00,0000-00-00,999,2
635,ลำไยสีชมพูเบอร์ใหญ่(2),PINK BERRY FRUITS (2),0000-00-00,0000-00-00,999,2
636,ลำไยสีชมพูเบอร์กลาง(3),LONGAN BERRY PINK MEDIUM (3),0000-00-00,0000-00-00,999,2
637,ลำไยสีชมพู(คละ),LONGAN PINK (ASSORTED),0000-00-00,0000-00-00,999,2
638,ลำไยแห้ว,LONGAN FRUSTRATION,0000-00-00,0000-00-00,999,2
639,ลำไยแห้วเบอร์จัมโบ้(1),LONGAN BERRY TRUFFLE JUMBO (1),0000-00-00,0000-00-00,999,2
640,ลำไยแห้วเบอร์ใหญ่(2),FRUIT TRUFFLE BURGER (2),0000-00-00,0000-00-00,999,2
641,ลำไยแห้วเบอร์กลาง(3),LONGAN BERRY TRUFFLE CENTER (3),0000-00-00,0000-00-00,999,2
642,ลำไยแห้ว(คละ),LONGAN FRUSTRATION (MIXED),0000-00-00,0000-00-00,999,2
643,ลำไยอีดอ,LONGAN SAEED A,0000-00-00,0000-00-00,999,2
644,ลำไยอีดอเบอร์จัมโบ้(1),LONGAN SAEED ABERDEEN JUMBO (1),0000-00-00,0000-00-00,999,2
645,ลำไยอีดอเบอร์ใหญ่(2),LONGAN SAEED ABERDEEN (2),0000-00-00,0000-00-00,999,2
646,ลำไยอีดอเบอร์กลาง(3),LONGAN SAEED ABERDEEN CENTRAL (3),0000-00-00,0000-00-00,999,2
647,ลำไยอีดอ(คละ),LONGAN E AMADOR (MIXED),0000-00-00,0000-00-00,999,2
648,ลิ้นจี่จักรพรรดิ์,LYCHEE NORTHMEN,0000-00-00,0000-00-00,999,2
649,ลิ้นจี่จักรพรรดิ์เบอร์จัมโบ้(1),LYCHEE EMPEROR'S JUMBO (1),0000-00-00,0000-00-00,999,2
650,ลิ้นจี่จักรพรรดิ์เบอร์ใหญ่(2),LYCHEE NORTHMEN BIG NUMBERS (2),0000-00-00,0000-00-00,999,2
651,ลิ้นจี่จักรพรรดิ์เบอร์รอง(3),LYCHEE NORTHMEN VICE (3),0000-00-00,0000-00-00,999,2
652,ลิ้นจี่ฮงฮวย,LIN HONG'S,0000-00-00,0000-00-00,999,2
653,ลิ้นจี่ฮงฮวยเบอร์จัมโบ้(1),LIN HONG'S JUMBO BURGER (1),0000-00-00,0000-00-00,999,2
654,ลิ้นจี่ฮงฮวยเบอร์ใหญ่(2),LIN HONG'S BIG NUMBERS (2),0000-00-00,0000-00-00,999,2
655,ลิ้นจี่ฮงฮวยเบอร์รอง(3),LIN HONG'S NUMBER PAD (3),0000-00-00,0000-00-00,999,2
656,ลิ้นจี่โฮเฮียะ,LIN HO COUNTRY SIDE,0000-00-00,0000-00-00,999,2
657,ลิ้นจี่โฮเฮียะเบอร์จัมโบ้(1),LIN HO COUNTRY SIDE'S JUMBO (1),0000-00-00,0000-00-00,999,2
658,ลิ้นจี่โฮเฮียะเบอร์ใหญ่(2),LIN HO COUNTRY SIDE BIG NUMBERS (2),0000-00-00,0000-00-00,999,2
659,ลิ้นจี่โฮเฮียะเบอร์รอง(3),HO LIN DEPUTY COUNTRY SIDE NO (3),0000-00-00,0000-00-00,999,2
660,ลิ้นจี่กิมเจง,KIM J LIN,0000-00-00,0000-00-00,999,2
661,ลิ้นจี่กิมเจงเบอร์จัมโบ้(1),LIN KIM J'S JUMBO (1),0000-00-00,0000-00-00,999,2
662,ลิ้นจี่กิมเจงเบอร์ใหญ่(2),LIN KIM J BERRY (2),0000-00-00,0000-00-00,999,2
663,ลิ้นจี่กิมเจงเบอร์รอง(3),LIN KIM J'S RESTAURANT (3),0000-00-00,0000-00-00,999,2
664,ลิ้นจี่ค่อม,LYCHEE STUNTED,0000-00-00,0000-00-00,999,2
665,ลิ้นจี่ค่อมเบอร์จัมโบ้(1),LYCHEE BEACHCOMBER JUMBO (1),0000-00-00,0000-00-00,999,2
666,ลิ้นจี่ค่อมเบอร์ใหญ่(2),LYCHEE BEACHCOMBER (2),0000-00-00,0000-00-00,999,2
667,ลิ้นจี่ค่อมเบอร์รอง(3),LYCHEE BEACHCOMBER RESTAURANT (3),0000-00-00,0000-00-00,999,2
668,สตอเบอร์รี่(คละ),STRAWBERRY (MIXED),0000-00-00,0000-00-00,999,2
669,ส้มเช้งเบอร์ยอด(1),GTO'S PEAK (1),0000-00-00,0000-00-00,999,2
670,ส้มเช้งเบอร์รอง(2),VICE GTO (2),0000-00-00,0000-00-00,999,2
671,ส้มเช้งเบอร์เล็ก(3),GTO SMALL NUMBER (3),0000-00-00,0000-00-00,999,2
672,ส้มเช้งเบอร์4,GTO NO 4,0000-00-00,0000-00-00,999,2
673,ส้มโอขาวน้ำผึ้ง,WHITE GRAPEFRUIT HONEY,0000-00-00,0000-00-00,999,2
674,ส้มโอขาวน้ำผึ้งเบอร์ใหญ่(1),WHITE GRAPEFRUIT HONEY BIG NUMBERS (1),0000-00-00,0000-00-00,999,2
675,ส้มโอขาวน้ำผึ้งเบอร์กลาง(2),WHITE GRAPEFRUIT HONEY BERRY (2),0000-00-00,0000-00-00,999,2
676,ส้มโอขาวน้ำผึ้งเบอร์เล็ก(3),WHITE GRAPEFRUIT HONEY SMALL NUMBER (3),0000-00-00,0000-00-00,999,2
677,ส้มโอขาวน้ำผึ้งเบอร์4,WHITE GRAPEFRUIT HONEY NO 4,0000-00-00,0000-00-00,999,2
678,ส้มโอขาวแป้น,GRAPEFRUIT AND WHITE KEYS,0000-00-00,0000-00-00,999,2
679,ส้มโอขาวแป้นเบอร์ใหญ่(1),WHITE GRAPEFRUIT KEY NUMBER (1),0000-00-00,0000-00-00,999,2
680,ส้มโอขาวแป้นเบอร์กลาง(2),WHITE GRAPEFRUIT NUMBER KEYS (2),0000-00-00,0000-00-00,999,2
681,ส้มโอขาวแป้นเบอร์เล็ก(3),WHITE GRAPEFRUIT KEY NUMBER (3),0000-00-00,0000-00-00,999,2
682,ส้มโอขาวแป้นเบอร์4,GRAPEFRUIT AND WHITE KEYS NO 4,0000-00-00,0000-00-00,999,2
683,ส้มโอขาวพวง,GRAPEFRUIT KAWPWG,0000-00-00,0000-00-00,999,2
684,ส้มโอขาวพวงเบอร์ใหญ่(1),GRAPEFRUIT KAWPWG BIG NUMBERS (1),0000-00-00,0000-00-00,999,2
685,ส้มโอขาวพวงเบอร์กลาง(2),GRAPEFRUIT KAWPWG CENTRAL NUMBER (2),0000-00-00,0000-00-00,999,2
686,ส้มโอขาวพวงเบอร์เล็ก(3),GRAPEFRUIT KAWPWG SMALL NUMBER (3),0000-00-00,0000-00-00,999,2
687,ส้มโอขาวพวงเบอร์4,GRAPEFRUIT KAWPWG NO 4,0000-00-00,0000-00-00,999,2
688,ส้มโอทองดี,GRAPEFRUIT GOLD,0000-00-00,0000-00-00,999,2
689,ส้มโอทองดีเบอร์ใหญ่(1),GRAPEFRUIT LARGE NUMBER OF GOLD (1),0000-00-00,0000-00-00,999,2
690,ส้มโอทองดีเบอร์กลาง(2),GRAPEFRUIT GOLD'S MEDIUM (2),0000-00-00,0000-00-00,999,2
691,ส้มโอทองดีเบอร์เล็ก(3),GRAPEFRUIT GOLD SMALL NUMBER (3),0000-00-00,0000-00-00,999,2
692,ส้มโอทองดีเบอร์4,GRAPEFRUIT GOLD NUMBER FOUR,0000-00-00,0000-00-00,999,2
693,สละเบอร์ใหญ่(1),TAKING THE LARGE NUMBER (1),0000-00-00,0000-00-00,999,2
694,สละเบอร์กลาง(2),TAKING THE NUMBER (2),0000-00-00,0000-00-00,999,2
695,สละเบอร์เล็ก(3),TAKING A SMALL NUMBER (3),0000-00-00,0000-00-00,999,2
696,สละ(คละ),TAKING THE (MIXED),0000-00-00,0000-00-00,999,2
697,อ้อย(คละ),CANE (MIXED),0000-00-00,0000-00-00,999,2
698,เชอรี่(5กก),CHERRY (5 KG),0000-00-00,0000-00-00,999,2
699,เชอรี่(2กก),CHERRY (2 KG),0000-00-00,0000-00-00,999,2
700,ท้อ,PEACH,0000-00-00,0000-00-00,999,2
701,พลับ,PERSIMMON,0000-00-00,0000-00-00,999,2
702,สาลี่ก้านยาว,BARROW WILT CHAMBERLAIN,0000-00-00,0000-00-00,999,2
703,สาลี่หอม,BARROW ONION,0000-00-00,0000-00-00,999,2
704,สาลี่น้ำผึ้ง,SALLY HONEY,0000-00-00,0000-00-00,999,2
705,สาลี่ญี่ปุ่น,BARROW JAPAN,0000-00-00,0000-00-00,999,2
706,องุ่นคาร์ดินัล,GRAPES CARDINALE,0000-00-00,0000-00-00,999,2
707,องุ่นชิลี,CHILEAN GRAPES,0000-00-00,0000-00-00,999,2
708,องุ่นแดง,RED GRAPES,0000-00-00,0000-00-00,999,2
709,แอปเปิ้ลกาล่า,APPLE GALA,0000-00-00,0000-00-00,999,2
710,แอปเปิ้ลกาล่าเบอร์70,APPLE GALA NO 70,0000-00-00,0000-00-00,999,2
711,แอปเปิ้ลกาล่าเบอร์80,APPLE GALA NO 80,0000-00-00,0000-00-00,999,2
712,แอปเปิ้ลกาล่าเบอร์90,APPLE GALA NO 90,0000-00-00,0000-00-00,999,2
713,แอปเปิ้ลกาล่าเบอร์100,APPLE GALA NO 100,0000-00-00,0000-00-00,999,2
714,แอปเปิ้ลกาล่าเบอร์110,APPLE GALA NO 110,0000-00-00,0000-00-00,999,2
715,แอปเปิ้ลกาล่าเบอร์120,APPLE GALA NO 120,0000-00-00,0000-00-00,999,2
716,แอปเปิ้ลกาล่าเบอร์138,APPLE GALA NO 138,0000-00-00,0000-00-00,999,2
717,แอปเปิ้ลกาล่าเบอร์163,APPLE GALA NO 163,0000-00-00,0000-00-00,999,2
718,แอปเปิ้ลกาล่าเบอร์175,APPLE GALA NO 175,0000-00-00,0000-00-00,999,2
719,แอปเปิ้ลเขียวจีน,APPLE GREEN CHINA,0000-00-00,0000-00-00,999,2
720,แอปเปิ้ลเขียวจีนเบอร์28,APPLE CHINA'S 28TH GREEN,0000-00-00,0000-00-00,999,2
721,แอปเปิ้ลเขียวจีนเบอร์32,32 CHINESE GREEN APPLE,0000-00-00,0000-00-00,999,2
722,แอปเปิ้ลเขียวจีน,APPLE GREEN CHINA,0000-00-00,0000-00-00,999,2
723,แอปเปิ้ลเขียวจีนเบอร์70,APPLE CHINA'S 70TH GREEN,0000-00-00,0000-00-00,999,2
724,แอปเปิ้ลเขียวจีนเบอร์80,APPLE CHINA'S 80TH GREEN,0000-00-00,0000-00-00,999,2
725,แอปเปิ้ลเขียวจีนเบอร์90,APPLE CHINA'S 90TH GREEN,0000-00-00,0000-00-00,999,2
726,แอปเปิ้ลเขียวจีนเบอร์100,CHINA'S 100 APPLE GREEN,0000-00-00,0000-00-00,999,2
727,แอปเปิ้ลเขียวจีนเบอร์113,CHINA'S 113 APPLE GREEN,0000-00-00,0000-00-00,999,2
728,แอปเปิ้ลเขียวจีนเบอร์125,CHINA'S 125 APPLE GREEN,0000-00-00,0000-00-00,999,2
729,แอปเปิ้ลเขียวจีนเบอร์150,CHINA'S 150 APPLE GREEN,0000-00-00,0000-00-00,999,2
730,แอปเปิ้ลเขียวจีนเบอร์72,NO 72 GREEN APPLE CHINA,0000-00-00,0000-00-00,999,2
731,แอปเปิ้ลเขียวจีนเบอร์88,APPLE CHINA'S 88TH GREEN,0000-00-00,0000-00-00,999,2
732,แอปเปิ้ลฟูจิจีน,CHINESE FUJI APPLES,0000-00-00,0000-00-00,999,2
733,แอปเปิ้ลฟูจิจีนเบอร์28,CHINESE FUJI APPLES NUMBER 28,0000-00-00,0000-00-00,999,2
734,แอปเปิ้ลฟูจิจีนเบอร์32,CHINESE FUJI APPLES 32,0000-00-00,0000-00-00,999,2
735,แอปเปิ้ลฟูจิจีนเบอร์88,CHINESE FUJI APPLES NUMBER 88,0000-00-00,0000-00-00,999,2
736,แอปเปิ้ลฟูจิจีนเบอร์88,CHINESE FUJI APPLES NUMBER 88,0000-00-00,0000-00-00,999,2
737,แอปเปิ้ลฟูจิจีน,CHINESE FUJI APPLES,0000-00-00,0000-00-00,999,2
738,แอปเปิ้ลฟูจิจีนเบอร์70,CHINESE FUJI APPLES NUMBER 70,0000-00-00,0000-00-00,999,2
739,แอปเปิ้ลฟูจิจีนเบอร์80,CHINESE FUJI APPLES NUMBER 80,0000-00-00,0000-00-00,999,2
740,แอปเปิ้ลฟูจิจีนเบอร์90,CHINESE FUJI APPLES NUMBER 90,0000-00-00,0000-00-00,999,2
741,แอปเปิ้ลฟูจิจีนเบอร์100,CHINESE FUJI APPLES NO 100,0000-00-00,0000-00-00,999,2
742,แอปเปิ้ลฟูจิจีนเบอร์110,CHINESE FUJI APPLES NO 110,0000-00-00,0000-00-00,999,2
743,แอปเปิ้ลฟูจิจีนเบอร์120,CHINESE FUJI APPLES NO 120,0000-00-00,0000-00-00,999,2
744,แอปเปิ้ลฟูจิจีนเบอร์138,CHINESE FUJI APPLES NO 138,0000-00-00,0000-00-00,999,2
745,แอปเปิ้ลฟูจิจีนเบอร์150,CHINESE FUJI APPLES NUMBER 150,0000-00-00,0000-00-00,999,2
746,แอปเปิ้ลฟูจิจีนเบอร์72,CHINESE FUJI APPLES NUMBER 72,0000-00-00,0000-00-00,999,2
747,แอปเปิ้ลวอชิงตันเบอร์198,NO 198 WASHINGTON APPLES,0000-00-00,0000-00-00,999,2
748,แอปเปิ้ลนิวซีแลนด์เบอร์70,APPLE'S NEW ZEALAND 70,0000-00-00,0000-00-00,999,2
749,แอปเปิ้ลนิวซีแลนด์เบอร์80,APPLE'S NEW ZEALAND 80,0000-00-00,0000-00-00,999,2
750,แอปเปิ้ลนิวซีแลนด์เบอร์90,APPLE'S NEW ZEALAND 90,0000-00-00,0000-00-00,999,2
751,แอปเปิ้ลนิวซีแลนด์เบอร์100,NO 100 NEW ZEALAND APPLES,0000-00-00,0000-00-00,999,2
752,แอปเปิ้ลนิวซีแลนด์เบอร์110,NO 110 NEW ZEALAND APPLES,0000-00-00,0000-00-00,999,2
753,แอปเปิ้ลนิวซีแลนด์เบอร์120,NO 120 NEW ZEALAND APPLES,0000-00-00,0000-00-00,999,2
754,แอปเปิ้ลนิวซีแลนด์เบอร์138,NO 138 NEW ZEALAND APPLES,0000-00-00,0000-00-00,999,2
755,แอปเปิ้ลนิวซีแลนด์เบอร์150,NO 150 NEW ZEALAND APPLES,0000-00-00,0000-00-00,999,2
756,แอปเปิ้ลวอชิงตัน,WASHINGTON APPLES,0000-00-00,0000-00-00,999,2
757,แอปเปิ้ลวอชิงตันเบอร์100,NO 100 WASHINGTON APPLES,0000-00-00,0000-00-00,999,2
758,แอปเปิ้ลวอชิงตันเบอร์113,NO 113 WASHINGTON APPLES,0000-00-00,0000-00-00,999,2
759,แอปเปิ้ลวอชิงตันเบอร์125,NO 125 WASHINGTON APPLES,0000-00-00,0000-00-00,999,2
760,แอปเปิ้ลวอชิงตันเบอร์138,NO 138 WASHINGTON APPLES,0000-00-00,0000-00-00,999,2
761,แอปเปิ้ลวอชิงตันเบอร์150,NO 150 WASHINGTON APPLES,0000-00-00,0000-00-00,999,2
762,แอปเปิ้ลวอชิงตันเบอร์70,NO 70 WASHINGTON APPLES,0000-00-00,0000-00-00,999,2
763,แอปเปิ้ลวอชิงตันเบอร์80,NO 80 WASHINGTON APPLES,0000-00-00,0000-00-00,999,2
764,อโวคาโด,AVOCADO,0000-00-00,0000-00-00,999,2
765,เมลอน,MELON,0000-00-00,0000-00-00,999,2
766,กระจับ,CHESTNUT,0000-00-00,0000-00-00,999,2
767,กระท้อน,SANTOL,0000-00-00,0000-00-00,999,2
768,กระท้อนขันทอง,SANTOL KHANTHONG,0000-00-00,0000-00-00,999,2
769,กระท้อนทับทิม,SANTOL RUBY,0000-00-00,0000-00-00,999,2
770,กระท้อนปุยฝ้าย,SANTOL WADDING,0000-00-00,0000-00-00,999,2
771,กระท้อนอิล่า,SANTOL'S HUNT,0000-00-00,0000-00-00,999,2
772,กล้วย,A BANANA,0000-00-00,0000-00-00,999,2
773,กล้วยไข่,BANANAS,0000-00-00,0000-00-00,999,2
774,กล้วยนางยา,BANANAS HER MEDICATION,0000-00-00,0000-00-00,999,2
775,กล้วยน้ำว้า,CULTIVATED BANANA,0000-00-00,0000-00-00,999,2
776,กล้วยน้ำว้านวล,BANANA CREAM,0000-00-00,0000-00-00,999,2
777,กล้วยเล็บมือนาง,BANANA,0000-00-00,0000-00-00,999,2
778,กล้วยหอม,BANANA,0000-00-00,0000-00-00,999,2
779,กล้วยหอมทอง,BANANA,0000-00-00,0000-00-00,999,2
780,กล้วยหักมุก,HAK MUK STARCH BANANA,0000-00-00,0000-00-00,999,2
781,กีวี,KIWIS,0000-00-00,0000-00-00,999,2
782,เก๋ากี้,GOJI,0000-00-00,0000-00-00,999,2
783,แก้วมังกร,DRAGON FRUIT,0000-00-00,0000-00-00,999,2
784,ขนุน,JACKFRUIT,0000-00-00,0000-00-00,999,2
785,ขนุนจำปากรอบ,CHAMPA WOOD FRAME,0000-00-00,0000-00-00,999,2
786,ขนุนทองประเสริฐ,JACK GOLD SUBLIME,0000-00-00,0000-00-00,999,2
787,ขนุนทองสุดใจ,JACK GOLD HEART,0000-00-00,0000-00-00,999,2
788,ขนุนเหรียญบาท,JACK BAHT COINS,0000-00-00,0000-00-00,999,2
789,แครนเบอร์รี่,CRANBERRY,0000-00-00,0000-00-00,999,2
790,เงาะบ้าน,RAMBUTAN HOME,0000-00-00,0000-00-00,999,2
791,เงาะ,RAMBUTAN,0000-00-00,0000-00-00,999,2
792,เงาะสีชมพู,RAMBUTAN PINK,0000-00-00,0000-00-00,999,2
793,ชมพู่,ROSE APPLE,0000-00-00,0000-00-00,999,2
794,ชมพู่ทับทิมจันทร์,APPLE POMEGRANATE MONDAY,0000-00-00,0000-00-00,999,2
795,ชมพู่ทูลเกล้า,APPLE ASCENSION,0000-00-00,0000-00-00,999,2
796,ชมพู่มะเหมี่ยว,APPLE MAMIEW,0000-00-00,0000-00-00,999,2
797,เชอร์รี่,CHERRY,0000-00-00,0000-00-00,999,2
798,ตะขบ,TAKHOP,0000-00-00,0000-00-00,999,2
799,ตาล,TAN,0000-00-00,0000-00-00,999,2
800,แตงไทย,CANTALOUPE,0000-00-00,0000-00-00,999,2
801,แตงโม,WATERMELON,0000-00-00,0000-00-00,999,2
802,แตงโมกินรี,WATERMELON KINNAREE,0000-00-00,0000-00-00,999,2
803,แตงโมตอปิโด,WATERMELON TORPEDO,0000-00-00,0000-00-00,999,2
804,ท้อ,PEACH,0000-00-00,0000-00-00,999,2
805,ทุเรียน,DURIAN,0000-00-00,0000-00-00,999,2
806,น้อยหน่า,CUSTARD APPLE,0000-00-00,0000-00-00,999,2
807,น้อยหน่าเนื้อ,ANNONA MEAT,0000-00-00,0000-00-00,999,2
808,น้อยหน่าหนัง,ANNONA MOVIE,0000-00-00,0000-00-00,999,2
809,น้อยหน่าโหน่ง,NONG NOI,0000-00-00,0000-00-00,999,2
810,บลูเบอร์รี่,BLUEBERRIES,0000-00-00,0000-00-00,999,2
811,บ๊วย,PLUM,0000-00-00,0000-00-00,999,2
812,เบอรี่,DANBURY,0000-00-00,0000-00-00,999,2
813,แบล็กเคอร์เรนท์,BLACK KERR BARENTS,0000-00-00,0000-00-00,999,2
814,แบล็กเบอร์รี่,BERRY BERRY,0000-00-00,0000-00-00,999,2
815,ฝรั่ง,WESTERN,0000-00-00,0000-00-00,999,2
816,ฝรั่งกลมสาลี่,WESTERN ROUND BARROW,0000-00-00,0000-00-00,999,2
817,ฝรั่งกิมจู,WESTERN KIM JU,0000-00-00,0000-00-00,999,2
818,ฝรั่งแป้งสีทอง,FRENCH FLOUR GOLD,0000-00-00,0000-00-00,999,2
819,พลับ,PERSIMMON,0000-00-00,0000-00-00,999,2
820,พลัม,PLUM,0000-00-00,0000-00-00,999,2
821,พุทรา,MONKEY APPLE,0000-00-00,0000-00-00,999,2
822,พุทรานม,JUJUBE MILK,0000-00-00,0000-00-00,999,2
823,พุทราสงวนทอง,JUJUBE GOLD RESERVES,0000-00-00,0000-00-00,999,2
824,พุทราสามรส,JUJUBE FLAVORS,0000-00-00,0000-00-00,999,2
825,พุทราสาลี่,JUJUBE BARROW,0000-00-00,0000-00-00,999,2
826,พุทราสีทอง,JUJUBE GOLD,0000-00-00,0000-00-00,999,2
827,แพร,SILK,0000-00-00,0000-00-00,999,2
828,มะกอก,OLIVE,0000-00-00,0000-00-00,999,2
829,มะกอกดำ,BLACK OLIVES,0000-00-00,0000-00-00,999,2
830,มะกอกป่า,OLIVE,0000-00-00,0000-00-00,999,2
831,มะกอกฝรั่ง,SPONDIAS DULCIS,0000-00-00,0000-00-00,999,2
832,มะขวิด,MAKWID,0000-00-00,0000-00-00,999,2
833,มะขาม,TAMARIND,0000-00-00,0000-00-00,999,2
834,มะขามเทศ,MANILA TAMARIND,0000-00-00,0000-00-00,999,2
835,มะขามหวานสีชมพู,TAMARIND SWEET PINK,0000-00-00,0000-00-00,999,2
836,มะขามหวานสีทอง,TAMARIND GOLD,0000-00-00,0000-00-00,999,2
837,มะเขือเทศ,TOMATO,0000-00-00,0000-00-00,999,2
838,มะเดื่อ,FIG,0000-00-00,0000-00-00,999,2
839,มะตูม,QUINCE,0000-00-00,0000-00-00,999,2
840,มะปราง,MAPRANG,0000-00-00,0000-00-00,999,2
841,มะพร้าว,COCONUT,0000-00-00,0000-00-00,999,2
842,มะพร้าวอ่อนน้ำหอม,COCONUT FRAGRANCE,0000-00-00,0000-00-00,999,2
843,มะเฟือง,STAR APPLE,0000-00-00,0000-00-00,999,2
844,มะไฟ,MA FAI,0000-00-00,0000-00-00,999,2
845,มะไฟไข่เต่า,MA FAI TURTLE,0000-00-00,0000-00-00,999,2
846,มะไฟเหรียญทอง,MA FAI GOLD,0000-00-00,0000-00-00,999,2
847,มะม่วง,MANGO,0000-00-00,0000-00-00,999,2
848,มะม่วงแก้ว,MANGO GLASS,0000-00-00,0000-00-00,999,2
849,มะม่วงแก้วลืมรัง,MANGO GLASS LOST NEST,0000-00-00,0000-00-00,999,2
850,มะม่วงเขียวมรกต,MANGO EMERALD,0000-00-00,0000-00-00,999,2
851,มะม่วงเขียวเสวย,MANGO EKIIWESWI,0000-00-00,0000-00-00,999,2
852,มะม่วงเขียวใหญ่,BIG GREEN MANGO,0000-00-00,0000-00-00,999,2
853,มะม่วงโชคอนันต์แก่,MANGO LUCK TO INFINITY,0000-00-00,0000-00-00,999,2
854,มะม่วงโชคอนันต์สุก,RIPE MANGO CHOK ANAN,0000-00-00,0000-00-00,999,2
855,มะม่วงเบา,MANGO LIGHT,0000-00-00,0000-00-00,999,2
856,มะม่วงฟ้าลั่น,MANGO THUNDER,0000-00-00,0000-00-00,999,2
857,มะม่วงฟ้าลั่นสามพราน,MANGO ROSE THUNDER,0000-00-00,0000-00-00,999,2
858,มะม่วงมันเดือนเก้า,MANGO IS NINE MONTHS,0000-00-00,0000-00-00,999,2
859,มะม่วงแรด,MANGO RHINO,0000-00-00,0000-00-00,999,2
860,มะม่วงหนังกลางวัน,MANGO MATINEE,0000-00-00,0000-00-00,999,2
861,มะม่วงหิมพานต์,CASHEW NUT,0000-00-00,0000-00-00,999,2
862,มะม่วงอกร่องดิบ,RAW MANGO AKREAG,0000-00-00,0000-00-00,999,2
863,มะม่วงอกร่องทอง,GOLD MANGO AKREAG,0000-00-00,0000-00-00,999,2
864,มะม่วงอกร่องสุก,RIPE MANGOES AKREAG,0000-00-00,0000-00-00,999,2
865,มะยงชิด,MAIGCHID,0000-00-00,0000-00-00,999,2
866,มะยม,STAR GOOSEBERRY,0000-00-00,0000-00-00,999,2
867,มะละกอ,PAPAYA,0000-00-00,0000-00-00,999,2
868,มะละกอแขกดำ,PAPAYA BLACK,0000-00-00,0000-00-00,999,2
869,มะละกอฮอลแลนด์,HOLLAND PAPAYA,0000-00-00,0000-00-00,999,2
870,มะละกอฮาวาย,HAWAIIAN PAPAYA,0000-00-00,0000-00-00,999,2
871,มังคุด,MANGOSTEEN,0000-00-00,0000-00-00,999,2
872,มังคุดผิวคละ,ASSORTED FRUIT SKIN,0000-00-00,0000-00-00,999,2
873,มังคุดผิวมัน,MANGOSTEEN SKIN,0000-00-00,0000-00-00,999,2
874,ระกำ,WINTERGREEN,0000-00-00,0000-00-00,999,2
875,ระกำหวาน,BROKEN SWEET,0000-00-00,0000-00-00,999,2
876,แรสเบอร์รี่,RAS BERRIES,0000-00-00,0000-00-00,999,2
877,ลองกอง,WOLLONGONG,0000-00-00,0000-00-00,999,2
878,ละมุด,SAPODILLA,0000-00-00,0000-00-00,999,2
879,ละมุดหวานกรอบ,SAPODILLA SWEET FRAME,0000-00-00,0000-00-00,999,2
880,ละมุดหวานสุก,SWEET RIPE SAPODILLA,0000-00-00,0000-00-00,999,2
881,ลางสาด,LANGSAT,0000-00-00,0000-00-00,999,2
882,ลำไย,LONGAN,0000-00-00,0000-00-00,999,2
883,ลำไยกะโหลก,LONGAN SKULL,0000-00-00,0000-00-00,999,2
884,ลำไยสีชมพู,LONGAN PINK,0000-00-00,0000-00-00,999,2
885,ลำไยแห้ว,LONGAN FRUSTRATION,0000-00-00,0000-00-00,999,2
886,ลำไยอีดอ,LONGAN SAEED A,0000-00-00,0000-00-00,999,2
887,ลิ้นจี่,LYCHEE,0000-00-00,0000-00-00,999,2
888,ลิ้นจี่ค่อม,LYCHEE STUNTED,0000-00-00,0000-00-00,999,2
889,ลิ้นจี่จักรพรรดิ์,LYCHEE NORTHMEN,0000-00-00,0000-00-00,999,2
890,ลิ้นจี่ฮงฮวย,LIN HONG'S,0000-00-00,0000-00-00,999,2
891,สตรอเบอร์รี่,STRAWBERRIES,0000-00-00,0000-00-00,999,2
892,ส้ม,ORANGE,0000-00-00,0000-00-00,999,2
893,ส้มกัมควอท,ORANGE GUM QUATTRO,0000-00-00,0000-00-00,999,2
894,ส้มเขียวหวาน,ORANGE,0000-00-00,0000-00-00,999,2
895,ส้มเขียวหวานสีน้ำตาล,TANGERINE BROWN,0000-00-00,0000-00-00,999,2
896,ส้มเช้ง,GTO,0000-00-00,0000-00-00,999,2
897,ส้มโชกุล,ORANGE CHO KUN,0000-00-00,0000-00-00,999,2
898,ส้มฟรีมอค์,ORANGE FREE MIKE MOSS,0000-00-00,0000-00-00,999,2
899,ส้มสายน้ำผึ้ง,ORANGE HONEYSUCKLE,0000-00-00,0000-00-00,999,2
900,ส้มสีทอง,GOLDEN ORANGE,0000-00-00,0000-00-00,999,2
901,ส้มเหนือ,NORTH ORANGE,0000-00-00,0000-00-00,999,2
902,ส้มโอ,GRAPEFRUIT,0000-00-00,0000-00-00,999,2
903,ส้มโอขาวแตงกวา,WHITE GRAPEFRUIT CUCUMBER,0000-00-00,0000-00-00,999,2
904,ส้มโอขาวน้ำผึ้ง,WHITE GRAPEFRUIT HONEY,0000-00-00,0000-00-00,999,2
905,ส้มโอขาวใหญ่แม่กลอง,WHITE GRAPEFRUIT BIG DRUM,0000-00-00,0000-00-00,999,2
906,สละ,WAIVE,0000-00-00,0000-00-00,999,2
907,สับปะรด,PINEAPPLE,0000-00-00,0000-00-00,999,2
908,สับปะรดตราดสีทอง,TRAD GOLDEN PINEAPPLE,0000-00-00,0000-00-00,999,2
909,สาลี่,TROLLEY,0000-00-00,0000-00-00,999,2
910,สาลี่ก้านยาว,BARROW WILT CHAMBERLAIN,0000-00-00,0000-00-00,999,2
911,สาลี่น้ำผึ้ง,SALLY HONEY,0000-00-00,0000-00-00,999,2
912,สาลี่หอม,BARROW ONION,0000-00-00,0000-00-00,999,2
913,สาลี่หิมะ,BARROW SNOW,0000-00-00,0000-00-00,999,2
914,เสาวรส,PASSION FRUIT,0000-00-00,0000-00-00,999,2
915,หม่อน,MULBERRY,0000-00-00,0000-00-00,999,2
916,หลุมพี,HOLE,0000-00-00,0000-00-00,999,2
917,หว้า,WA,0000-00-00,0000-00-00,999,2
918,องุ่น,GRAPE,0000-00-00,0000-00-00,999,2
919,องุ่นเขียว,GREEN GRAPES,0000-00-00,0000-00-00,999,2
920,องุ่นดำ,BLACK GRAPE,0000-00-00,0000-00-00,999,2
921,องุ่นพันธุ์แดง,RED GRAPE VARIETIES,0000-00-00,0000-00-00,999,2
922,อาโวคาโด,AVOCADO,0000-00-00,0000-00-00,999,2
923,อินทผลัม,PHOENIX,0000-00-00,0000-00-00,999,2
924,แอปเปิล,APPLE,0000-00-00,0000-00-00,999,2
925,แอปเปิลเขียว,APPLE GREEN,0000-00-00,0000-00-00,999,2
926,แอปเปิลแดง,RED APPLE,0000-00-00,0000-00-00,999,2
927,แอปเปิลฟูจิ,FUJI APPLE,0000-00-00,0000-00-00,999,2
928,กระจับ,CHESTNUT,0000-00-00,0000-00-00,999,3
929,ข้าวโพดหวานโตนดเบอร์2,SWEET CORN PALM NO 2,0000-00-00,0000-00-00,999,3
930,ข้าวโพดหวานไฮบริกเบอร์2,SWEET CORN HYBRID RICK NUMBER TWO,0000-00-00,0000-00-00,999,3
931,ข้าวโพดหวานA5เบอร์2,SWEET CORN A5 NO 2,0000-00-00,0000-00-00,999,3
932,ข้าวโพดหวานศรแดงเบอร์2,CORN NO 2 RED ARROW,0000-00-00,0000-00-00,999,3
933,ข้าวโพดหวานทับทิมเบอร์2,CORN NO 2 RUBY,0000-00-00,0000-00-00,999,3
934,ข้าวโพดหวานขาวสำลีเบอร์2,SWEET WHITE CORN COTTON NO 2,0000-00-00,0000-00-00,999,3
935,ข้าวโพดหวานมันปูเบอร์2,SWEET CORN PAVED NO 2,0000-00-00,0000-00-00,999,3
936,ข้าวโพดหวานขาวแหวกเบอร์2,NO 2 WHITE CORN DIP,0000-00-00,0000-00-00,999,3
937,ข้าวโพดเทียนเบอร์เล็ก,CORN NUMBER OF SMALL CANDLES,0000-00-00,0000-00-00,999,3
938,ข้าวโพดขาว-ม่วง,CORN - PURPLE,0000-00-00,0000-00-00,999,3
939,แตงไทพื้นเมือง,TANG TAI NATIVE,0000-00-00,0000-00-00,999,3
940,แตงไทกลมซาอูเบอร์เล็ก,SAUL'S SMALL ROUND MELON TIMES,0000-00-00,0000-00-00,999,3
941,แตงไทยาวสีทองเบอร์เล็ก,TANG TAI LONG BLOND SMALL NUMBER,0000-00-00,0000-00-00,999,3
942,ถั่วแระลูกผสม(คละ),SOYBEAN HYBRID (MIXED),0000-00-00,0000-00-00,999,3
943,ถั่วลิสงเกษตรดิบ(คละ),AGRICULTURAL RAW PEANUTS (MIXED),0000-00-00,0000-00-00,999,3
944,ถั่วลิสงพื้นเมืองดิบ(คละ),NATIVE RAW PEANUTS (MIXED),0000-00-00,0000-00-00,999,3
945,เผือกพื้นเมืองเบอร์กลาง,TARO'S NATIVE CENTRAL,0000-00-00,0000-00-00,999,3
946,เผือกหอมเบอร์ใหญ่,TARO'S LARGEST ONION,0000-00-00,0000-00-00,999,3
947,ฟักทองคางคกใหญ่(ทองอำไพ),LARGE PUMPKINS TOAD (BRILLIANT GOLD),0000-00-00,0000-00-00,999,3
948,ฟักทองคางคกใหญ่เบอร์เล็ก,PUMPKIN LARGE NUMBER OF SMALL TOADS,0000-00-00,0000-00-00,999,3
949,ฟักทองศรีเมืองเบอร์กลาง,PUMPKIN SRI DOWNTOWN CENTER,0000-00-00,0000-00-00,999,3
950,ฟักทองพันธุ์เกษตรเบอร์ใหญ่,PUMPKIN SEEDS AGRICULTURAL BIG NUMBERS,0000-00-00,0000-00-00,999,3
951,ฟักทองพันธุ์ลาย,PUMPKIN SEED PATTERN,0000-00-00,0000-00-00,999,3
952,ฟักทองพันธุ์ลายเบอร์เล็ก,THIS SMALL NUMBER OF VARIETIES OF PUMPKIN,0000-00-00,0000-00-00,999,3
953,มันเทศ(มันแดง),SWEET POTATOES (EXPOSED),0000-00-00,0000-00-00,999,3
954,มันต่อเผือก,IT FURTHER FRACTURES,0000-00-00,0000-00-00,999,3
955,มันต่อเผือกเล็ก,IT'S A SMALL FRACTURES,0000-00-00,0000-00-00,999,3
956,มันไข่เบอร์ใหญ่,IT'S A BIG EGG,0000-00-00,0000-00-00,999,3
957,มันมือเสือเบอร์ใหญ่,IT HANDTIGER BIG NUMBERS,0000-00-00,0000-00-00,999,3
958,มันสำปะหลังเบอร์ใหญ่,YUCCA BIG NUMBERS,0000-00-00,0000-00-00,999,3
959,ลูกจากคละ,CHILDREN FROM MIXED,0000-00-00,0000-00-00,999,3
960,ข้าวโพดหวานโตนด,SWEET CORN PALM,0000-00-00,0000-00-00,999,3
961,ข้าวโพดหวานไฮบริก,SWEET CORN HYBRID RICK,0000-00-00,0000-00-00,999,3
962,ข้าวโพดหวานA5,SWEET CORN A5,0000-00-00,0000-00-00,999,3
963,ข้าวโพดหวานศรแดง,CORN SWEET RED ARROW,0000-00-00,0000-00-00,999,3
964,ข้าวโพดหวานทับทิม,CORN SWEET POMEGRANATE,0000-00-00,0000-00-00,999,3
965,ข้าวโพดหวานขาวสำลี,SWEET WHITE CORN COTTON,0000-00-00,0000-00-00,999,3
966,ข้าวโพดหวานมันปู,SWEET CORN MANPO,0000-00-00,0000-00-00,999,3
967,ข้าวโพดหวานขาวแหวก,WHITE CORN DIP,0000-00-00,0000-00-00,999,3
968,ข้าวโพดเทียน,CORN CANDLES,0000-00-00,0000-00-00,999,3
969,ข้าวโพดขาว-ดำเบอร์ใหญ่,CORN - BLACK BIG NUMBERS,0000-00-00,0000-00-00,999,3
970,ข้าวโพดขาว-ม่วงเบอร์1,CORN - PURPLE NUMBER ONE,0000-00-00,0000-00-00,999,3
971,แตงไทกลมซาอุ,TANG TAI ROUND SAUDI,0000-00-00,0000-00-00,999,3
972,แตงไทยาวสีทอง,TANG TAI LONG GOLD,0000-00-00,0000-00-00,999,3
973,ถั่วแระญี่ปุ่น,SOYBEAN JAPAN,0000-00-00,0000-00-00,999,3
974,ถั่วลิสงเกษตร,PEANUT FARMING,0000-00-00,0000-00-00,999,3
975,ถั่วลิสงพื้นเมือง,PEANUT NATIVE,0000-00-00,0000-00-00,999,3
976,เผือกพื้นเมือง,TARO NATIVE,0000-00-00,0000-00-00,999,3
977,เผือกพื้นเมืองเบอร์เล็ก,A SMALL NUMBER OF NATIVE TARO,0000-00-00,0000-00-00,999,3
978,เผือกหอมเบอร์กลาง,TARO'S MEDIUM ONION,0000-00-00,0000-00-00,999,3
979,ฟักทองคางคกใหญ่เบอร์ใหญ่,LARGE PUMPKINS TOAD BIG NUMBERS,0000-00-00,0000-00-00,999,3
980,ฟักทองศรีเมือง,PUMPKIN SRI CITY,0000-00-00,0000-00-00,999,3
981,ฟักทองศรีเมืองเบอร์เล็ก,SRI CITY'S SMALL PUMPKINS,0000-00-00,0000-00-00,999,3
982,ฟักทองพันธุ์เกษตรเบอร์กลาง,PUMPKIN SEEDS AGRICULTURAL CENTER NUMBER,0000-00-00,0000-00-00,999,3
983,ฟักทองพันธุ์ลายเบอร์ใหญ่,PUMPKIN SEEDS STRIPED BIG NUMBERS,0000-00-00,0000-00-00,999,3
984,มันแกวเบอร์ใหญ่,YAM BIG NUMBERS,0000-00-00,0000-00-00,999,3
985,มันเทศ(มันแดง)เบอร์ใหญ่,SWEET POTATOES (IT'S RED) BIG NUMBERS,0000-00-00,0000-00-00,999,3
986,มันต่อเผือกใหญ่,IT'S THE BIG WHITE,0000-00-00,0000-00-00,999,3
987,มันต่อเผือกคละ,IT'S A MIXED FRACTURES,0000-00-00,0000-00-00,999,3
988,มันไข่เบอร์เล็ก,IT'S A SMALL EGG,0000-00-00,0000-00-00,999,3
989,มันมือเสือเบอร์กลาง,IT'S THE MIDDLE MืAESืA,0000-00-00,0000-00-00,999,3
990,มันสำปะหลังเบอร์กลาง,YUCCA MIDDLE HARBOUR,0000-00-00,0000-00-00,999,3
991,แห้วต้ม/สมหวังต้ม,FRUSTRATION BOILED / COOKED DEFEATS,0000-00-00,0000-00-00,999,3
992,ข้าวโพดหวานโตนดเบอร์1,SWEET CORN PALM NO 1,0000-00-00,0000-00-00,999,3
993,ข้าวโพดหวานไฮบริกเบอร์1,RICK'S FIRST HYBRID SWEET CORN,0000-00-00,0000-00-00,999,3
994,ข้าวโพดหวานA5เบอร์1,SWEET CORN A5 NO 1,0000-00-00,0000-00-00,999,3
995,ข้าวโพดหวานศรแดงเบอร์1,CORN SWEET RED ARROW NO 1,0000-00-00,0000-00-00,999,3
996,ข้าวโพดหวานทับทิมเบอร์1,CORN SWEET POMEGRANATE NO 1,0000-00-00,0000-00-00,999,3
997,ข้าวโพดหวานขาวสำลีเบอร์1,SWEET WHITE CORN COTTON NO 1,0000-00-00,0000-00-00,999,3
998,ข้าวโพดหวานมันปูเบอร์1,SWEET CORN PAVED NO 1,0000-00-00,0000-00-00,999,3
999,ข้าวโพดหวานขาวแหวกเบอร์1,WHITE CORN OPENED NO 1,0000-00-00,0000-00-00,999,3
1000,ข้าวโพดเทียนเบอร์ใหญ่,CORN CANDLES BIG NUMBERS,0000-00-00,0000-00-00,999,3
1001,ข้าวโพดขาว-ดำเบอร์เล็ก,CORN - LITTLE BLACK NUMBERS,0000-00-00,0000-00-00,999,3
1002,ข้าวโพดขาว-ม่วงเบอร์2,CORN - PURPLE NUMBER TWO,0000-00-00,0000-00-00,999,3
1003,แตงไทกลงซาอูเบอร์ใหญ่,TANG TAI DOWN SAUL'S HEAD,0000-00-00,0000-00-00,999,3
1004,แตงไทยาวสีทองเบอร์ใหญ่,TANG TAI LONG BLOND BIG NUMBER,0000-00-00,0000-00-00,999,3
1005,ถั่วแระโอซีพี,SOYBEAN O CP,0000-00-00,0000-00-00,999,3
1006,ถั่วลิสงเกษตรต้ม(คละ),AGRICULTURE BOILED PEANUTS (MIXED),0000-00-00,0000-00-00,999,3
1007,ถั่วลิสงพื้นเมืองต้ม(คละ),NATIVE BOILED PEANUTS (MIXED),0000-00-00,0000-00-00,999,3
1008,เผือกพื้นเมืองเบอร์ใหญ่,TARO NATIVE BIG NUMBERS,0000-00-00,0000-00-00,999,3
1009,เผือกหอม,WHITE ONION,0000-00-00,0000-00-00,999,3
1010,เผือกหอมเบอร์เล็ก,TARO'S SMALL ONION,0000-00-00,0000-00-00,999,3
1011,ฟักทองคางคกใหญ่เบอร์กลาง,LARGE PUMPKINS TOAD'S CENTER,0000-00-00,0000-00-00,999,3
1012,ฟักทองศรีเมืองเบอร์ใหญ่,SMIC'S BIG PUMPKIN,0000-00-00,0000-00-00,999,3
1013,ฟักทองพันธุ์เกษตร,PUMPKIN BREEDING FARM,0000-00-00,0000-00-00,999,3
1014,ฟักทองพันธุ์เกษตรเบอร์เล็ก,PUMPKIN SEEDS SMALL AGRICULTURAL NUMBERS,0000-00-00,0000-00-00,999,3
1015,ฟักทองพันธุ์ลายเบอร์กลาง,PUMPKIN SEEDS MARKING THE NUMBERS,0000-00-00,0000-00-00,999,3
1016,มันแกวเบอร์เล็ก,YAM SMALL NUMBER,0000-00-00,0000-00-00,999,3
1017,มันเทศ(มันแดง)เบอร์เล็ก,SWEET POTATOES (IT'S RED) SMALL NUMBERS,0000-00-00,0000-00-00,999,3
1018,มันต่อเผือกกลาง,IT'S THE MIDDLE OF FRACTURES,0000-00-00,0000-00-00,999,3
1019,มันไข่,POTATOES EGGS,0000-00-00,0000-00-00,999,3
1020,มันมือเสือ,POTATOES TIGER HAND,0000-00-00,0000-00-00,999,3
1021,มันมือเสือเบอร์เล็ก,POTATOES SMALL,0000-00-00,0000-00-00,999,3
1022,มันสำปะหลังเบอร์เล็ก,CASSAVA SMALL NUMBER,0000-00-00,0000-00-00,999,3
1023,แห้วดิบ/สมหวังดิบ,RAW FRUSTRATION / DISAPPOINTMENT RAW,0000-00-00,0000-00-00,999,3
1024,หอมแดงจุก(คละ),SHALLOTS CORK (MIXED),0000-00-00,0000-00-00,999,4
1025,หอมแดงตัดจุกเบอร์กลาง,CUT THE SHALLOTS CORK HARBOUR,0000-00-00,0000-00-00,999,4
1026,หอมแขก,ONION GUEST,0000-00-00,0000-00-00,999,4
1027,หอมหัวใหญ่ไทยเบอร์2,ONION THAILAND NO 2,0000-00-00,0000-00-00,999,4
1028,หอมหัวใหญ่นอก,THE ONION,0000-00-00,0000-00-00,999,4
1029,กระเทียมหัวใหญ่เบอร์1,LARGE HEAD GARLIC NUMBERS NO 1,0000-00-00,0000-00-00,999,4
1030,กระเทียมหัวใหญ่เบอร์4,LARGE GARLIC NO 4,0000-00-00,0000-00-00,999,4
1031,พริกขี้หนูแห้งจินดา,JINDA DRIED PAPRIKA,0000-00-00,0000-00-00,999,4
1032,พริกแห้งเม็ดใหญ่,DRIED GRAIN,0000-00-00,0000-00-00,999,4
1033,หอมแดงตัดจุก,CUT THE SHALLOTS CORK,0000-00-00,0000-00-00,999,4
1034,หอมแดงตัดจุกเบอร์เล็ก,SMALL RED ONION CUT CORK HARBOUR,0000-00-00,0000-00-00,999,4
1035,หอมหัวใหญ่,ONION,0000-00-00,0000-00-00,999,4
1036,หอมหัวใหญ่ไทยเบอร์3,ONION THAILAND NO 3,0000-00-00,0000-00-00,999,4
1037,กระเทียมจุก,GARLIC CORK,0000-00-00,0000-00-00,999,4
1038,กระเทียมหัวใหญ่เบอร์2,LARGE GARLIC NO 2,0000-00-00,0000-00-00,999,4
1039,กระเทียมแกะกลีบใหญ่,GARLIC CLOVES BIG SHEEP,0000-00-00,0000-00-00,999,4
1040,พริกขี้หนูแห้งยอดสน,PAPRIKA DRIED PINE SHOOTS,0000-00-00,0000-00-00,999,4
1041,พริกชี้ฟ้าแห้ง,DRIED CHILLIES,0000-00-00,0000-00-00,999,4
1042,หอมแดงตัดจุกเบอร์ใหญ่,CUT THE SHALLOTS STOPPER BIG NUMBERS,0000-00-00,0000-00-00,999,4
1043,หอมแดงตัดจุก(คละ),CUT THE SHALLOTS CORK (MIXED),0000-00-00,0000-00-00,999,4
1044,หอมหัวใหญ่ไทยเบอร์1,ONION THAILAND NO 1,0000-00-00,0000-00-00,999,4
1045,หอมหัวใหญ่ไทยเบอร์4,ONION THAILAND NO 4,0000-00-00,0000-00-00,999,4
1046,กระเทียมหัวใหญ่,GARLIC HEAD,0000-00-00,0000-00-00,999,4
1047,กระเทียมหัวใหญ่เบอร์3,LARGE GARLIC NO 3,0000-00-00,0000-00-00,999,4
1048,พริกขี้หนูแห้ง,DRIED CHILLI,0000-00-00,0000-00-00,999,4
1049,พริกแห้งเล็ก,DRIED SMALL,0000-00-00,0000-00-00,999,4
1050,มะขามเปียกแกะ,TAMARIND LAMB,0000-00-00,0000-00-00,999,4
1051,ผักกาดดอง,PICKLE,0000-00-00,0000-00-00,999,5
1052,หัวไชโป๊,RADISH,0000-00-00,0000-00-00,999,5
1053,ขิงดอง,PICKLED GINGER,0000-00-00,0000-00-00,999,5
1054,ฝรั่งดอง,PICKLED GUAVA,0000-00-00,0000-00-00,999,5
1055,มะม่วงดอง,MANGO PICKLE,0000-00-00,0000-00-00,999,5
1056,ปลาร้าปลากระดี่,PICKLED FISH,0000-00-00,0000-00-00,999,5
1057,ปลาร้าปลาหมอ,PICKLED FISH,0000-00-00,0000-00-00,999,5
1058,ผักเสี้ยนดอง,TARE PRESERVED,0000-00-00,0000-00-00,999,5
1059,กระเทียมดอง,GARLIC,0000-00-00,0000-00-00,999,5
1060,กระท้อนดอง,SANTOL PRESERVED,0000-00-00,0000-00-00,999,5
1061,มะดันดอง,MADAN PRESERVED,0000-00-00,0000-00-00,999,5
1062,มะยมดอง,GOOSEBERRY PICKLE,0000-00-00,0000-00-00,999,5
1063,ปลาร้าปลาช่อน,SNAKEHEAD FISH,0000-00-00,0000-00-00,999,5
1064,ปูเค็ม,SALTED CRAB,0000-00-00,0000-00-00,999,5
1065,หน่อไม้ดอง,PICKLED ASPARAGUS,0000-00-00,0000-00-00,999,5
1066,หอมดอง,ONION PICKLE,0000-00-00,0000-00-00,999,5
1067,พุทราดอง,JUJUBE PRESERVED,0000-00-00,0000-00-00,999,5
1068,มะปรางดอง,MAPRANG PRESERVED,0000-00-00,0000-00-00,999,5
1069,องุ่นดอง,PICKLED GRAPES,0000-00-00,0000-00-00,999,5
1070,ปลาร้าปลาสร้อย,FERMENTED FISH,0000-00-00,0000-00-00,999,5
1071,หอยแมลงภู่ดอง,PICKLED MUSSELS,0000-00-00,0000-00-00,999,5
1072,ก๋วยเตี๋ยวเส้นหมี่ขาว,WHITE RICE VERMICELLI NOODLES,0000-00-00,0000-00-00,999,6
1073,ก๋วยเตี๋ยวเส้นเล็ก,RICE NOODLES,0000-00-00,0000-00-00,999,6
1074,ก๋วยเตี๋ยวเส้นใหญ่,NOODLE,0000-00-00,0000-00-00,999,6
1075,บะหมี่,NOODLE,0000-00-00,0000-00-00,999,6
1076,เกี๊ยว,DUMPLING,0000-00-00,0000-00-00,999,6
1077,ก๋วยจั๊บ,BOILED CHINESE PASTA SQUARE,0000-00-00,0000-00-00,999,6
1078,กะปิขาวพิเศษ,WHITE SHRIMP SPECIAL,0000-00-00,0000-00-00,999,6
1079,กะปิธรรมดา,PASTE PLAIN,0000-00-00,0000-00-00,999,6
1080,เกี๊ยมอี๋,KIEM FLATTER,0000-00-00,0000-00-00,999,6
1081,ขนมจีน,VERMICELLI,0000-00-00,0000-00-00,999,6
1082,วุ้นเส้นสด,FRESH NOODLES,0000-00-00,0000-00-00,999,6
1083,เต้าหู้กระดาน,TOFU BOARD,0000-00-00,0000-00-00,999,6
1084,เต้าหู้อ่อน,SOFT TOFU,0000-00-00,0000-00-00,999,6
1085,ปลาทูนึ่ง,STEAMED FISH,0000-00-00,0000-00-00,999,6
1086,ปลาเส้น,FISHING LINE,0000-00-00,0000-00-00,999,6
1087,น้ำพริกแพนง,PANANG CURRY,0000-00-00,0000-00-00,999,6
1088,น้ำพริกแกงมัสมั่น,MASSAMAN CURRY PASTE,0000-00-00,0000-00-00,999,6
1089,น้ำพริกแกงกระหรี่,CURRY PASTES,0000-00-00,0000-00-00,999,6
1090,น้ำพริกแกงส้มไทย,THAILAND SOUR SAUCE,0000-00-00,0000-00-00,999,6
1091,น้ำพริกแกงส้มใต้,THE SOUR SAUCE,0000-00-00,0000-00-00,999,6
1092,น้ำพริกแกงส้ม,SOUR SAUCE,0000-00-00,0000-00-00,999,6
1093,น้ำพริกแกงเหลือง,YELLOW CURRY PASTE,0000-00-00,0000-00-00,999,6
1094,น้ำพริกแกงไตปลา,CURRY PASTE,0000-00-00,0000-00-00,999,6
1095,น้ำพริกแกงเผ็ดหยาบ,ROUGH RED CURRY PASTE,0000-00-00,0000-00-00,999,6
1096,น้ำพริกแกงเผ็ดละเอียด,RED CURRY PASTE PROFILE,0000-00-00,0000-00-00,999,6
1097,น้ำพริกแกงเผ็ดใต้,THE RED CURRY PASTE,0000-00-00,0000-00-00,999,6
1098,น้ำพริกแกงเผ็ด,RED CURRY PASTE,0000-00-00,0000-00-00,999,6
1099,น้ำพริกเขียวหวาน,GREEN CURRY PASTE,0000-00-00,0000-00-00,999,6
1100,น้ำพริกเขียวหวานพิเศษ,GREEN CURRY PASTE SPECIAL,0000-00-00,0000-00-00,999,6
1101,น้ำพริกแกงเขียวหวาน,GREEN CURRY PASTE,0000-00-00,0000-00-00,999,6
1102,น้ำพริกผัดขิง,CHILI FRIED GINGER,0000-00-00,0000-00-00,999,6
1103,น้ำพริกน้ำยา,CHILI LIQUID,0000-00-00,0000-00-00,999,6
1104,น้ำพริกขี้เมา,DRUNKEN CHILI,0000-00-00,0000-00-00,999,6
1105,ลูกชิ้น,MEAT BALL,0000-00-00,0000-00-00,999,6
1106,ปูอัด,CRAB,0000-00-00,0000-00-00,999,6
1107,กะทิ,COCONUT MILK,0000-00-00,0000-00-00,999,6
1108,ไข่ไก่,EGG,0000-00-00,0000-00-00,999,6
1109,ไข่ไก่เบอร์0,EGG HARBOUR 0,0000-00-00,0000-00-00,999,6
1110,ไข่ไก่เบอร์1,NUMBERS 1 EGG,0000-00-00,0000-00-00,999,6
1111,ไข่ไก่เบอร์2,NO 2 EGGS,0000-00-00,0000-00-00,999,6
1112,ไข่ไก่เบอร์3,NO 3 EGGS,0000-00-00,0000-00-00,999,6
1113,ไข่เป็ด,DUCK EGG,0000-00-00,0000-00-00,999,6
1114,ไข่เป็ดเบอร์0,DUCK NUMBERS 0,0000-00-00,0000-00-00,999,6
1115,ไข่เป็ดเบอร์1,RUBBER DUCK EGGS 1,0000-00-00,0000-00-00,999,6
1116,ไข่เป็ดเบอร์2,NO 2 EGGS,0000-00-00,0000-00-00,999,6
1117,ไข่เป็ดเบอร์3,NUMBER THREE DUCK EGGS,0000-00-00,0000-00-00,999,6
1118,ไข่นกกระทา,QUAIL EGGS,0000-00-00,0000-00-00,999,6
1119,ไข่เค็ม,SALTED EGG,0000-00-00,0000-00-00,999,6
1120,ไข่เยี่ยวม้า,PRESERVED EGG,0000-00-00,0000-00-00,999,6
1121,ข้าวสาร,RICE,0000-00-00,0000-00-00,999,6
1122,เครื่องเทศ,SPICES,0000-00-00,0000-00-00,999,6
1123,เครื่องพะโล้,AND SPICES,0000-00-00,0000-00-00,999,6
1124,งา,SESAME,0000-00-00,0000-00-00,999,6
1125,ซอสปรุงรส,SAUCE,0000-00-00,0000-00-00,999,6
1126,ดอกไม้จีน,DAY LILY,0000-00-00,0000-00-00,999,6
1127,ถั่ว,NUT,0000-00-00,0000-00-00,999,6
1128,น้ำตาล,THE SUGAR,0000-00-00,0000-00-00,999,6
1129,น้ำมันพืช,VEGETABLE OIL,0000-00-00,0000-00-00,999,6
1130,น้ำส้มสายชู,VINEGAR,0000-00-00,0000-00-00,999,6
1131,บะหมี่กึ่งสำเร็จรูป,INSTANT NOODLE,0000-00-00,0000-00-00,999,6
1132,ผงชูรส,MONOSODIUM GLUTAMATE,0000-00-00,0000-00-00,999,6
1133,ผงปรุงรส,SEASONINGS,0000-00-00,0000-00-00,999,6
1134,ผลไม้กระป๋อง,CANNED FRUIT,0000-00-00,0000-00-00,999,6
1135,ฟองเต้าหู้,GYPSUM,0000-00-00,0000-00-00,999,6
1136,วุ้นเส้น,VERMICELLI,0000-00-00,0000-00-00,999,6
1137,หน่อไม้แห้ง,DRIED BAMBOO SHOOTS,0000-00-00,0000-00-00,999,6
1138,เห็ดหอมแห้ง,DRIED SHIITAKE,0000-00-00,0000-00-00,999,6
1139,เห็ดหูหนูแห้ง,DRIED MUSHROOM,0000-00-00,0000-00-00,999,6
1140,อาหารกระป๋อง,CANNED FOOD,0000-00-00,0000-00-00,999,6
1141,กุ้งแห้งเนื้อ,DRIED MEAT,0000-00-00,0000-00-00,999,6
1142,กุ้งแห้งแก้ว,GLASS SHRIMP,0000-00-00,0000-00-00,999,6
1143,กุ้งแห้งวังจิ๋ว,TINY SHRIMP WANG,0000-00-00,0000-00-00,999,6
1144,กุ้งแห้งฝอยแดง,DRIED SHREDDED RED,0000-00-00,0000-00-00,999,6
1145,หอยแมลงภู่แห้ง,MUSSELS DRY,0000-00-00,0000-00-00,999,6
1146,หอยหวาน,THE SNAILS,0000-00-00,0000-00-00,999,6
1147,หอยหลอด,HOI,0000-00-00,0000-00-00,999,6
1148,หมึกกล้วยแห้ง,DRIED SQUID,0000-00-00,0000-00-00,999,6
1149,หมึกกระตอยแห้ง,THE INK DRIED RABBIT,0000-00-00,0000-00-00,999,6
1150,หมึกแพแห้ง,PAT DRY INK,0000-00-00,0000-00-00,999,6
1151,ปลาสวายย่าง,GRILLED FISH,0000-00-00,0000-00-00,999,6
1152,ปลาช่อนทะเลย่าง,GRILLED COBIA,0000-00-00,0000-00-00,999,6
1153,ปลาเนื้ออ่อนย่าง,GRILLED FISH SOFT,0000-00-00,0000-00-00,999,6
1154,ปลาสร้อยย่าง,GRILLED FISH NECKLACE,0000-00-00,0000-00-00,999,6
1155,ปลาเบี้ยย่าง,PREMIUM GRILLED FISH,0000-00-00,0000-00-00,999,6
1156,ปลาทูเค็ม,SALTED FISH,0000-00-00,0000-00-00,999,6
1157,ปลาโอเค็ม,SALTED FISH,0000-00-00,0000-00-00,999,6
1158,ปลาอินทรีย์,SCOMBEROMORUS,0000-00-00,0000-00-00,999,6
1159,ปลาช่อนทะเลเค็ม,COBIA SALT,0000-00-00,0000-00-00,999,6
1160,ปลาแป้น,FISH KEYBOARD,0000-00-00,0000-00-00,999,6
1161,ปลากระเบนเค็ม,SALTED FISH,0000-00-00,0000-00-00,999,6
1162,ปลาลิ้นหมา,SOLE,0000-00-00,0000-00-00,999,6
1163,ปลาไส้ตัน,FISH ASGTAN,0000-00-00,0000-00-00,999,6
1164,ปลาทูหวาน,SWEET FISH,0000-00-00,0000-00-00,999,6
1165,กระเพาะหมู,PIG STOMACH,0000-00-00,0000-00-00,999,7
1166,ขาหมู,PORK LEG,0000-00-00,0000-00-00,999,7
1167,ไข่ดันหมู,PIG'S KIDNEY,0000-00-00,0000-00-00,999,7
1168,ซี่โครงหมู,PORK RIP,0000-00-00,0000-00-00,999,7
1169,ตับหมู,PIG LIVER,0000-00-00,0000-00-00,999,7
1170,เนื้อแดงหมู,RED MEAT PORK,0000-00-00,0000-00-00,999,7
1171,เนื้อสันใน-นอกหมู,MIGNON - THE PIG,0000-00-00,0000-00-00,999,7
1172,เนื้อสามชั้นหมู,THREE LAYERS PORK MEAT,0000-00-00,0000-00-00,999,7
1173,ปอดหมู,LEAN PORK,0000-00-00,0000-00-00,999,7
1174,ไส้ตันหมู,ASGTAN PIG,0000-00-00,0000-00-00,999,7
1175,ไส้อ่อนหมู,INCANDESCENT LIGHT PORK,0000-00-00,0000-00-00,999,7
1176,หัวใจหมู,PIG HEART,0000-00-00,0000-00-00,999,7
1177,หัวหมูสด,BOAR'S HEAD LIVE,0000-00-00,0000-00-00,999,7
1178,หัวหมูพะโล้,STEWED PIG'S HEAD,0000-00-00,0000-00-00,999,7
1179,เนื้อหมูบด,PORK,0000-00-00,0000-00-00,999,7
1180,ขอบกระด้งเนื้อ,THE MEAT TRAY,0000-00-00,0000-00-00,999,7
1181,ขี้ริ้วเนื้อ,UNPLEASANT TEXTURE,0000-00-00,0000-00-00,999,7
1182,เครื่องในเนื้อ,MEAT OFFAL,0000-00-00,0000-00-00,999,7
1183,ดอกจอกเนื้อ,BEVEL MEAT,0000-00-00,0000-00-00,999,7
1184,ตับเนื้อ,BEEF LIVER,0000-00-00,0000-00-00,999,7
1185,น่องเนื้อ,THIGH MEAT,0000-00-00,0000-00-00,999,7
1186,เนื้อซี่โครงเนื้อ,LOIN MEAT,0000-00-00,0000-00-00,999,7
1187,เนื้อแดงเนื้อ,LEAN MEAT,0000-00-00,0000-00-00,999,7
1188,เนื้อปลีกเนื้อ,RETAIL BEEF MEAT,0000-00-00,0000-00-00,999,7
1189,ลิ้นเนื้อ,BEEF TONGUE,0000-00-00,0000-00-00,999,7
1190,เศษเนื้อ,MEAT,0000-00-00,0000-00-00,999,7
1191,สันคอเนื้อ,BUTCHER'S NECK,0000-00-00,0000-00-00,999,7
1192,หัวใจเนื้อ,BEEF HEART,0000-00-00,0000-00-00,999,7
1193,ไก่แก่,THE CHICKEN,0000-00-00,0000-00-00,999,7
1194,ไก่บ้าน,DOMESTIC FOWL,0000-00-00,0000-00-00,999,7
1195,ไก่ผ่าซีก,CHICKEN CUT,0000-00-00,0000-00-00,999,7
1196,ข้อไก่,THE CHICKEN,0000-00-00,0000-00-00,999,7
1197,เครื่องในไก่,CHICKEN,0000-00-00,0000-00-00,999,7
1198,ซี่โครงไก่,RIBS CHICKEN,0000-00-00,0000-00-00,999,7
1199,ตีนไก่,CHICKEN FOOT,0000-00-00,0000-00-00,999,7
1200,ปีกเต็ม-น่องไก่,FULL WINGS - CHICKEN,0000-00-00,0000-00-00,999,7
1201,ปีกบนไก่,CHICKEN WINGS ON,0000-00-00,0000-00-00,999,7
1202,สะโพกไก่,CHICKEN THIGH,0000-00-00,0000-00-00,999,7
1203,อกไก่,CHICKEN BREAST,0000-00-00,0000-00-00,999,7
1204,เนื้อไก่บด,CHICKEN MEAT GRINDER,0000-00-00,0000-00-00,999,7
1205,เป็ดสด,FRESH DUCK,0000-00-00,0000-00-00,999,7
1206,นก,BIRD,0000-00-00,0000-00-00,999,7
1207,เป็ดย่าง,ROASTED DUCK,0000-00-00,0000-00-00,999,7
1208,เป็ดพะโล้,POT-STEWED DUCK,0000-00-00,0000-00-00,999,7
1209,กบ,FROG,0000-00-00,0000-00-00,999,7
1210,ปลากรด,FISH ACID,0000-00-00,0000-00-00,999,7
1211,ปลาแขยง,FRESHWATER FISH,0000-00-00,0000-00-00,999,7
1212,ปลาเคล้า,FISH DISHES,0000-00-00,0000-00-00,999,7
1213,ปลาช่อน,STRIPED SNAKEHEAD FISH,0000-00-00,0000-00-00,999,7
1214,ปลาช่อนเล็ก,SMALL FISH,0000-00-00,0000-00-00,999,7
1215,ปลาช่อนใหญ่,BIG FISH,0000-00-00,0000-00-00,999,7
1216,ปลาดุก,CATFISH,0000-00-00,0000-00-00,999,7
1217,ปลาดุกเลี้ยง,CATFISH FEED,0000-00-00,0000-00-00,999,7
1218,ปลาดุกนา,CATFISH FARMING,0000-00-00,0000-00-00,999,7
1219,ปลาตะเพียนแดง,RED CARP,0000-00-00,0000-00-00,999,7
1220,ปลาทับทิม,FISH,0000-00-00,0000-00-00,999,7
1221,ปลานิล,TILAPIA,0000-00-00,0000-00-00,999,7
1222,ปลาเนื้ออ่อน,FISH SOFT,0000-00-00,0000-00-00,999,7
1223,ปลารากกล้วย,FISH BANANA ROOTS,0000-00-00,0000-00-00,999,7
1224,ปลาแรด,FISH,0000-00-00,0000-00-00,999,7
1225,ปลาสร้อย,PLA,0000-00-00,0000-00-00,999,7
1226,ปลาสลิด,TRICHOGASTER PECTORALIS,0000-00-00,0000-00-00,999,7
1227,ปลาสวาย,PANGASIUS,0000-00-00,0000-00-00,999,7
1228,ปลาสวายตัว,THE PANGASIUS,0000-00-00,0000-00-00,999,7
1229,ปลาสวายหั่น,FISH SLICE,0000-00-00,0000-00-00,999,7
1230,ปลาหมอบ้าน,FISH HOUSE,0000-00-00,0000-00-00,999,7
1231,ปลาหมอเทศ,TILAPIA,0000-00-00,0000-00-00,999,7
1232,ปลาหลด,MORAY,0000-00-00,0000-00-00,999,7
1233,ปลาบด,MILL POND,0000-00-00,0000-00-00,999,7
1234,ปลาไหล,EEL,0000-00-00,0000-00-00,999,7
1235,ปูนา,FIELD CRAB,0000-00-00,0000-00-00,999,7
1236,หอยขม,PERIWINKLE,0000-00-00,0000-00-00,999,7
1237,กุ้งกลาดำ,BLACK GLASS SHRIMP,0000-00-00,0000-00-00,999,7
1238,กุ้งกุลาดำใหญ่,LARGE TIGER SHRIMP,0000-00-00,0000-00-00,999,7
1239,กุ้งกุลาดำกลาง,TIGER PRAWNS CENTRAL,0000-00-00,0000-00-00,999,7
1240,กุ้งกุลาดำเล็ก,SMALL BLACK TIGER SHRIMP,0000-00-00,0000-00-00,999,7
1241,กุ้งแชบ๊วย,SHRIMP,0000-00-00,0000-00-00,999,7
1242,ปลากระบอก,MULLET,0000-00-00,0000-00-00,999,7
1243,ปลากะพงขาว,SEABASS,0000-00-00,0000-00-00,999,7
1244,ปลากะพงแดง,RED SNAPPER,0000-00-00,0000-00-00,999,7
1245,ปลาเก๋า,GROUPER,0000-00-00,0000-00-00,999,7
1246,ปลาจาระเม็ด,POMPANO,0000-00-00,0000-00-00,999,7
1247,ปลาจีน,PISCES CHINA,0000-00-00,0000-00-00,999,7
1248,ปลาซาบะ,SABA,0000-00-00,0000-00-00,999,7
1249,ปลาแดง,SNAPPER,0000-00-00,0000-00-00,999,7
1250,ปลาตาเดียว,EYED FISH,0000-00-00,0000-00-00,999,7
1251,ปลาน้ำดอกไม้,BARRACUDA,0000-00-00,0000-00-00,999,7
1252,ปลาอินทรีย์,SCOMBEROMORUS,0000-00-00,0000-00-00,999,7
1253,ปลาโอ,FISH,0000-00-00,0000-00-00,999,7
1254,ปลาบด,MILL POND,0000-00-00,0000-00-00,999,7
1255,หมึกไข่,INK EGG,0000-00-00,0000-00-00,999,7
1256,หมึกไข่ใหญ่,INK LARGE EGG,0000-00-00,0000-00-00,999,7
1257,หมึกไข่กลาง,INK MEDIUM EGGS,0000-00-00,0000-00-00,999,7
1258,หมึกไข่เล็ก,INK TINY EGGS,0000-00-00,0000-00-00,999,7
1259,หมึกกล้วย,SQUID,0000-00-00,0000-00-00,999,7
1260,ปูม้า,HORSE CRAB,0000-00-00,0000-00-00,999,7
1261,ปูม้าตัว,THE CRAB,0000-00-00,0000-00-00,999,7
1262,ปูม้าแกะ,CRAB SHEEP,0000-00-00,0000-00-00,999,7
1263,หอยแครง,COCKLE,0000-00-00,0000-00-00,999,7
1264,หอยลาย,CLAMS,0000-00-00,0000-00-00,999,7
1265,กุหลาบหนู,ROSE MICE,0000-00-00,0000-00-00,999,8
1266,กุหลาบมอญ,ROSE MON,0000-00-00,0000-00-00,999,8
1267,กุหลาบมอญช่อ,DAMASK ROSE BOUQUET,0000-00-00,0000-00-00,999,8
1268,กุหลาบมอญตัดดอก,DAMASK ROSES CUT FLOWERS,0000-00-00,0000-00-00,999,8
1269,กุหลาบเชียงใหม่,ROSE MAI,0000-00-00,0000-00-00,999,8
1270,กุหลาบเชียงใหม่กิ่งใหญ่,ROSE MAI BRANCH,0000-00-00,0000-00-00,999,8
1271,กุหลาบเชียงใหม่กิ่งรอง,ROSE KING MAI VICE,0000-00-00,0000-00-00,999,8
1272,กุหลาบตาก,ROSE TAK,0000-00-00,0000-00-00,999,8
1273,กุหลาบตากกิ่งใหญ่,ROSE DRIED BRANCHES,0000-00-00,0000-00-00,999,8
1274,กุหลาบตากกิ่งรอง,ROSE KING TAK DEPUTY,0000-00-00,0000-00-00,999,8
1275,แกลดิโอรัส,GLADIOLUS RUSS,0000-00-00,0000-00-00,999,8
1276,ขิงแดง,RED GINGER,0000-00-00,0000-00-00,999,8
1277,ขิงชินโต,GINGER SHINTO,0000-00-00,0000-00-00,999,8
1278,คัตเตอร์เชียงใหม่,CUTTER MAI,0000-00-00,0000-00-00,999,8
1279,คาร์เนชั่นเชียงใหม่,CARNATION MAI,0000-00-00,0000-00-00,999,8
1280,จำปี,CHAMPI,0000-00-00,0000-00-00,999,8
1281,ดาวเรืองตัดกิ่ง,MARIGOLD KING,0000-00-00,0000-00-00,999,8
1282,ดาวเรืองตัดดอก,MARIGOLD,0000-00-00,0000-00-00,999,8
1283,ดาหลา,DAHLA,0000-00-00,0000-00-00,999,8
1284,บัวหลวงสีขาว,WHITE LOTUS,0000-00-00,0000-00-00,999,8
1285,บัวหลวงสีแดง,BUALUANG RED,0000-00-00,0000-00-00,999,8
1286,บานไม้รู้โรย,WOOD DOORS TO SPRINKLE,0000-00-00,0000-00-00,999,8
1287,เบญจมาสเชียงใหม่,FIVE HAMAS MAI,0000-00-00,0000-00-00,999,8
1288,เบิร์ด,BIRD,0000-00-00,0000-00-00,999,8
1289,พุด,GARDENIA,0000-00-00,0000-00-00,999,8
1290,มะลิแช่,SOAK RICE,0000-00-00,0000-00-00,999,8
1291,มะลิดิบ,RAW RICE,0000-00-00,0000-00-00,999,8
1292,มัมรอง,MOM SECONDARY,0000-00-00,0000-00-00,999,8
1293,มัมใหญ่,BIG MOM,0000-00-00,0000-00-00,999,8
1294,ไม้กำเตย,PINE WOOD GRIP,0000-00-00,0000-00-00,999,8
1295,เยอบีร่าเชียงใหม่,GERBERA MAI,0000-00-00,0000-00-00,999,8
1296,รัก,LOVE,0000-00-00,0000-00-00,999,8
1297,ลิลลี่เชียงใหม่,LILY CHIANG MAI,0000-00-00,0000-00-00,999,8
1298,สร้อยทองยาว,LONG GOLD CHAIN,0000-00-00,0000-00-00,999,8
1299,สร้อยทองสั้น,SHORT GOLD CHAIN,0000-00-00,0000-00-00,999,8
1300,สเปรย์,SPRAY,0000-00-00,0000-00-00,999,8
1301,สับปะรดสี,PINEAPPLE COLOR,0000-00-00,0000-00-00,999,8
1302,หน้าวัวเชียงใหม่,ANTHURIUM MAI,0000-00-00,0000-00-00,999,8
1303,เอสเตอร์,ESTER,0000-00-00,0000-00-00,999,8
1304,กล้วยไม้ขาว4เอ็น,WHITE ORCHID 4 N,0000-00-00,0000-00-00,999,8
1305,กล้วยไม้ขาวผ่อง,WHITE ORCHIDS,0000-00-00,0000-00-00,999,8
1306,กล้วยไม้คัทลิยา,CUT ORCHID ELIYA,0000-00-00,0000-00-00,999,8
1307,กล้วยไม้ซากุระ,SAKURA ORCHID,0000-00-00,0000-00-00,999,8
1308,กล้วยไม้ซาบิ้น,ORCHID'S CABINS,0000-00-00,0000-00-00,999,8
1309,กล้วยไม้ซีซ่า,ORCHIDS CAESAR,0000-00-00,0000-00-00,999,8
1310,กล้วยไม้ทับทิม,ORCHID RUBY,0000-00-00,0000-00-00,999,8
1311,กล้วยไม้บอม16,ORCHIDS BUM 16,0000-00-00,0000-00-00,999,8
1312,กล้วยไม้บอม17,ORCHIDS BUM 17,0000-00-00,0000-00-00,999,8
1313,กล้วยไม้บอมโจ,ORCHIDS BUM JOE,0000-00-00,0000-00-00,999,8
1314,กล้วยไม้บอมแดง,BUM RED ORCHIDS,0000-00-00,0000-00-00,999,8
1315,กล้วยไม้บอมนิว,NEW ORCHID BUM,0000-00-00,0000-00-00,999,8
1316,กล้วยไม้ม็อก,ORCHIDS MOK,0000-00-00,0000-00-00,999,8
1317,กล้วยไม้มาดาม,MADAME ORCHID,0000-00-00,0000-00-00,999,8
1318,กล้วยไม้รินนภา,NAPA PRINCE ORCHID,0000-00-00,0000-00-00,999,8
1319,กล้วยไม้แอนนา,LADY ANNA,0000-00-00,0000-00-00,999,8
1320,ใบเข็มสามสี,NEEDLE LEAF COLOR,0000-00-00,0000-00-00,999,8
1321,ใบเขียวใบหยก,GREEN JADE,0000-00-00,0000-00-00,999,8
1322,ตอง,TONG,0000-00-00,0000-00-00,999,8
1323,ใบทางหมาก,THE BETEL LEAF,0000-00-00,0000-00-00,999,8
1324,ใบนางกวัก,LEAVES NAGKWANK,0000-00-00,0000-00-00,999,8
1325,ใบปรงเขียว,CYCAD LEAVES GREEN,0000-00-00,0000-00-00,999,8
1326,ใบปริก,LEAVES EXUDED,0000-00-00,0000-00-00,999,8
1327,ใบโปร่งฟ้า,LEAVES OPREGฟGA,0000-00-00,0000-00-00,999,8
1328,ใบพลูจีบ,FLIRT BETEL,0000-00-00,0000-00-00,999,8
1329,ใบเฟิร์นนาคราช,SERPENT FERN,0000-00-00,0000-00-00,999,8
1330,ใบเฟิร์นมะขาม,FERNS TAMARIND,0000-00-00,0000-00-00,999,8
1331,ใบเฟิร์นหนัง,FERNS MOVIES,0000-00-00,0000-00-00,999,8
1332,ใบเลดี้เจน,LEAF LADY JANE,0000-00-00,0000-00-00,999,8
1333,ใบหมากเขียว,MACARTHUR LEAVES,0000-00-00,0000-00-00,999,8
1334,ใบหมากแดง,MAK DAENG LEAVES,0000-00-00,0000-00-00,999,8
1335,ต้นกวนอิมเขียว,THE KUAN GREEN,0000-00-00,0000-00-00,999,8
1336,ต้นกวนอิมลาย,GUAN OUSTED EARLY,0000-00-00,0000-00-00,999,8
1337,ต้นตบ,THE SLAP,0000-00-00,0000-00-00,999,8
1338,ต้นเตย,PINE TREES,0000-00-00,0000-00-00,999,8
1339,ต้นพลับพลึง,THE LILY,0000-00-00,0000-00-00,999,8
1340,กุหลาบ/ต่างประเทศมาเลย์,ROSES / FOREIGN MALAY,0000-00-00,0000-00-00,999,8
1341,กุหลาบ/ต่างประเทศฮอลแลนด์,ROSES / FOREIGN HOLLAND,0000-00-00,0000-00-00,999,8
1342,คัตเตอร์/ต่างประเทศมาเลย์,CUTTER / OFFSHORE MALAYSIA,0000-00-00,0000-00-00,999,8
1343,คาร์เนชั่น/ต่างประเทศมาเลย์,CARNATION / OFFSHORE MALAYSIA,0000-00-00,0000-00-00,999,8
1344,ทิวลิป,TULIPS,0000-00-00,0000-00-00,999,8
1345,เบญจมาส/ต่างประเทศมาเลย์,FIVE HAMAS / FOREIGN MALAY,0000-00-00,0000-00-00,999,8
1346,มัม/ต่างประเทศมาเลย์,MOM / FOREIGN MALAY,0000-00-00,0000-00-00,999,8
1347,เยอบีร่า/ต่างประเทศมาเลย์,GERBERA / FOREIGN MALAY,0000-00-00,0000-00-00,999,8
1348,ลิลลี่/ต่างประเทศมาเลย์,LILIES / OFFSHORE MALAYSIA,0000-00-00,0000-00-00,999,8
1349,ลิลลี่/ต่างประเทศฮอลแลนด์,LILIES / OFFSHORE HOLLAND,0000-00-00,0000-00-00,999,8
1350,หน้าวัว/ต่างประเทศมาเลย์,ANTHURIUM / OFFSHORE MALAYSIA,0000-00-00,0000-00-00,999,8
1351,กล้วยฉาบ,SWEET BANANA CRISPS,0000-00-00,0000-00-00,999,9
1352,ข้าวหลาม,LAM,0000-00-00,0000-00-00,999,9
1353,วุ้นมะพร้าว,COCONUT JELLY,0000-00-00,0000-00-00,999,9
1354,กระยาสารท,KRAYASART,0000-00-00,0000-00-00,999,9
1355,เผือกฉาบ,NACHOS,0000-00-00,0000-00-00,999,9
1356,ขนมหวาน,CANDY,0000-00-00,0000-00-00,999,9
1357,ข้าวแต๋น,RICE CRACKER,0000-00-00,0000-00-00,999,9
1358,มันฉาบ,IT PLASTER,0000-00-00,0000-00-00,999,9
1359,ฝรั่งแช่บ๊วย,PLUM DIP,0000-00-00,0000-00-00,999,9
1360,ผ้าผืนผ้าไหม,SILK FABRICS,0000-00-00,0000-00-00,999,10
1361,มีดการเกษตร,CUTLER FARM,0000-00-00,0000-00-00,999,10
1362,ผ้าใบกันแดด,THE CANVAS SUNSCREEN,0000-00-00,0000-00-00,999,10
1363,เสื่อน้ำมันมุ้ง,LINOLEUM NETS,0000-00-00,0000-00-00,999,10
1364,สลากกินแบ่งรัฐบาล,LOTTERY,0000-00-00,0000-00-00,999,10
1365,หนังสือพิมพ์,NEWSPAPER,0000-00-00,0000-00-00,999,10
1366,เครื่องสำอางค์,MAKE UP,0000-00-00,0000-00-00,999,10
1367,วัสดุก่อสร้าง,CONSTRUCTION MATERIALS,0000-00-00,0000-00-00,999,10
1368,ถุงพลาสติก,PLASTIC BAG,0000-00-00,0000-00-00,999,10
1369,ถุงพลาสติก(สัมปทานไม่เสียค่าธรรมเนียม),PLASTIC BAGS (CONCESSIONS FREE OF CHARGE),0000-00-00,0000-00-00,999,10
1370,ถุงพลาสติก(เก็บค่าธรรมเนียม),PLASTIC BAG (FEE),0000-00-00,0000-00-00,999,10
1371,หัตถกรรมเครื่องจักรสาน,HANDICRAFT WEAVING MACHINES,0000-00-00,0000-00-00,999,10
1372,เหรียญที่ระลึก,MEDAL,0000-00-00,0000-00-00,999,10
1373,รูปภาพ,PICTURE,0000-00-00,0000-00-00,999,10
1374,สมุนไพร,HERB,0000-00-00,0000-00-00,999,10
1375,หาบเร่-รถเข็นอื่นๆ,CHAPMAN - OTHER TROLLEYS,0000-00-00,0000-00-00,999,10
1376,วัสดุรีไซเคิล,RECYCLED MATERIALS,0000-00-00,0000-00-00,999,10
1377,ตะกร้าพลาสติก,BASKET,0000-00-00,0000-00-00,999,10
1378,อาหารคาว,SAVORY FOOD,0000-00-00,0000-00-00,999,10
1379,ขนมของหวาน,DESSERTS,0000-00-00,0000-00-00,999,10
1380,ข้าวเกรียบโรตรีอาหารอื่นๆ,IN THE CRACKER'S FOOD,0000-00-00,0000-00-00,999,10
1381,ผลไม้สดพร้อมบริโภค,FRESH FRUIT READY TO EAT,0000-00-00,0000-00-00,999,10
1382,เครื่องดื่ม,BEVERAGE,0000-00-00,0000-00-00,999,10
1383,น้ำแข็ง,ICE,0000-00-00,0000-00-00,999,10
1384,น้ำดื่ม,DRINKING WATER,0000-00-00,0000-00-00,999,10
1385,เพิ่มลงอักษรได้,ADD IN TEXTBOX,0000-00-00,0000-00-00,999,11